Idea_ID	Idea_Number	Idea_Author_ID	Idea_Author_Department	Idea_Author_Title	Up_Down	Voter_ID	Voter_Department	Voter_Title	Timestamp
273681	4	247267	KÖS?GD	Business Analyst	Down	246065	?D	Software Analyst	7/11/2017 3:39
273681	4	247267	KÖS?GD	Business Analyst	Down	247122	DH	Senior Advisor	7/11/2017 3:28
273681	4	247267	KÖS?GD	Business Analyst	Down	247125	SPHvDTUD	Software Architect	7/11/2017 3:26
273681	4	247267	KÖS?GD	Business Analyst	Up	247177	SG	Director	7/11/2017 3:24
273681	4	247267	KÖS?GD	Business Analyst	Down	247267	KÖS?GD	Business Analyst	7/11/2017 3:33
273681	4	247267	KÖS?GD	Business Analyst	Up	247360	MYD	Director	7/11/2017 3:18
273681	4	247267	KÖS?GD	Business Analyst	Down	247371	MKDD	Solution Architect	7/11/2017 3:30
273681	4	247267	KÖS?GD	Business Analyst	Down	247527	ÇKBD	Software Analyst	7/11/2017 3:27
273681	4	247267	KÖS?GD	Business Analyst	Down	247646	SPHvDTUD	Software Engineer	7/11/2017 3:20
273681	4	247267	KÖS?GD	Business Analyst	Down	247738	SPHvDTUD	Software Analyst	7/11/2017 3:29
273681	4	247267	KÖS?GD	Business Analyst	Down	247750	FvKUD	Software Analyst	7/11/2017 3:27
273683	5	247738	SPHvDTUD	Software Analyst	Up	246065	?D	Software Analyst	7/11/2017 3:39
273683	5	247738	SPHvDTUD	Software Analyst	Up	247097	?KD	Team Manager	7/19/2017 22:54
273683	5	247738	SPHvDTUD	Software Analyst	Down	247117	ÜYvTUD	Software Analyst	7/23/2017 23:04
273683	5	247738	SPHvDTUD	Software Analyst	Down	247122	DH	Senior Advisor	7/12/2017 1:56
273683	5	247738	SPHvDTUD	Software Analyst	Up	247125	SPHvDTUD	Software Architect	7/11/2017 3:26
273683	5	247738	SPHvDTUD	Software Analyst	Up	247159	SPHvDTUD	Software Analyst	7/11/2017 3:38
273683	5	247738	SPHvDTUD	Software Analyst	Up	247162	TBSPvKU?GD	Business Architect	7/13/2017 7:30
273683	5	247738	SPHvDTUD	Software Analyst	Up	247165	KÖS?GD	Expert Business Analyst	7/25/2017 1:43
273683	5	247738	SPHvDTUD	Software Analyst	Up	247178	ÇKBD	Software Analyst	7/12/2017 7:02
273683	5	247738	SPHvDTUD	Software Analyst	Up	247182	ÜYvTUD	Software Analyst	7/11/2017 3:34
273683	5	247738	SPHvDTUD	Software Analyst	Up	247195	TvPYD	Project Manager	7/24/2017 14:01
273683	5	247738	SPHvDTUD	Software Analyst	Up	247227	SPHvDTUD	Software Analyst	7/12/2017 7:01
273683	5	247738	SPHvDTUD	Software Analyst	Up	247238	KÖSD	Software Architect	7/11/2017 6:38
273683	5	247738	SPHvDTUD	Software Analyst	Up	247252	ÖUD	Program Director	7/11/2017 23:17
273683	5	247738	SPHvDTUD	Software Analyst	Up	247265	SPHvDTUD	Software Analyst	7/11/2017 4:43
273683	5	247738	SPHvDTUD	Software Analyst	Up	247267	KÖS?GD	Business Analyst	7/11/2017 5:51
273683	5	247738	SPHvDTUD	Software Analyst	Up	247275	MvMUD	Software Architect	7/20/2017 23:06
273683	5	247738	SPHvDTUD	Software Analyst	Up	247283	UBD	Expert Business Analyst	7/12/2017 23:10
273683	5	247738	SPHvDTUD	Software Analyst	Up	247287	Ü?D	Software Architect	7/11/2017 7:14
273683	5	247738	SPHvDTUD	Software Analyst	Up	247305	KÖS?GD	Expert Business Analyst	7/24/2017 1:37
273683	5	247738	SPHvDTUD	Software Analyst	Up	247335	ÇKBD	Software Analyst	7/13/2017 6:53
273683	5	247738	SPHvDTUD	Software Analyst	Up	247338	SPHvDTUD	Software Architect	7/17/2017 6:58
273683	5	247738	SPHvDTUD	Software Analyst	Up	247342	K?vTD	Software Analyst	7/14/2017 1:26
273683	5	247738	SPHvDTUD	Software Analyst	Up	247343	K?vTD	Software Analyst	7/12/2017 4:35
273683	5	247738	SPHvDTUD	Software Analyst	Up	247353	SPHvDTUD	Software Analyst	7/19/2017 2:02
273683	5	247738	SPHvDTUD	Software Analyst	Up	247369	FvKUD	Software Analyst	7/20/2017 6:41
273683	5	247738	SPHvDTUD	Software Analyst	Up	247371	MKDD	Solution Architect	7/11/2017 5:15
273683	5	247738	SPHvDTUD	Software Analyst	Up	247404	DH	Consultant	7/24/2017 7:13
273683	5	247738	SPHvDTUD	Software Analyst	Up	247409	MvMUD	Team Manager (Deputy)	7/11/2017 23:54
273683	5	247738	SPHvDTUD	Software Analyst	Up	247436	K?vTD	Software Analyst	7/13/2017 0:54
273683	5	247738	SPHvDTUD	Software Analyst	Down	247440	KÜGD	Team Manager (Deputy)	7/12/2017 22:50
273683	5	247738	SPHvDTUD	Software Analyst	Up	247455	FvKUD	Software Architect	7/13/2017 6:08
273683	5	247738	SPHvDTUD	Software Analyst	Up	247462	KÖS?GD	Team Manager (IA)	7/11/2017 3:45
273683	5	247738	SPHvDTUD	Software Analyst	Up	247468	MKDD	Solution Architect	7/16/2017 22:46
273683	5	247738	SPHvDTUD	Software Analyst	Up	247488	FvKUD	Software Analyst	7/24/2017 7:14
273683	5	247738	SPHvDTUD	Software Analyst	Up	247499	SPHvDTUD	Software Analyst	7/12/2017 6:57
273683	5	247738	SPHvDTUD	Software Analyst	Up	247502	SUD	Software Architect	7/25/2017 1:10
273683	5	247738	SPHvDTUD	Software Analyst	Up	247518	MKDD	Software Analyst	7/20/2017 2:10
273683	5	247738	SPHvDTUD	Software Analyst	Up	247527	ÇKBD	Software Analyst	7/11/2017 3:27
273683	5	247738	SPHvDTUD	Software Analyst	Up	247530	TBSPvKU?GD	Business Architect	7/11/2017 6:17
273683	5	247738	SPHvDTUD	Software Analyst	Up	247542	ÇKBD	Software Architect	7/11/2017 6:30
273683	5	247738	SPHvDTUD	Software Analyst	Up	247549	ÇKBD	Software Architect	7/11/2017 3:49
273683	5	247738	SPHvDTUD	Software Analyst	Down	247554	K?vTD	Software Analyst	7/13/2017 2:10
273683	5	247738	SPHvDTUD	Software Analyst	Up	247562	SPHvDTUD	Manager	7/13/2017 22:42
273683	5	247738	SPHvDTUD	Software Analyst	Up	247569	DH	Consultant	7/24/2017 22:46
273683	5	247738	SPHvDTUD	Software Analyst	Up	247589	KÖSD	Software Engineer	7/11/2017 6:19
273683	5	247738	SPHvDTUD	Software Analyst	Down	247593	MKDD	Software Analyst	7/25/2017 0:18
273683	5	247738	SPHvDTUD	Software Analyst	Up	247608	KÖS?GD	Project Officer	7/17/2017 4:31
273683	5	247738	SPHvDTUD	Software Analyst	Up	247614	FvKUD	Software Analyst	7/25/2017 0:11
273683	5	247738	SPHvDTUD	Software Analyst	Up	247615	K?vTD	Software Analyst	7/12/2017 4:22
273683	5	247738	SPHvDTUD	Software Analyst	Up	247616	MKDD	Software Analyst	7/25/2017 0:28
273683	5	247738	SPHvDTUD	Software Analyst	Up	247620	SPHvDTUD	Software Analyst	7/12/2017 7:28
273683	5	247738	SPHvDTUD	Software Analyst	Down	247622	TBSPvKU?GD	Business Architect	7/13/2017 1:09
273683	5	247738	SPHvDTUD	Software Analyst	Up	247642	MvMUD	Senior Solution Architect	7/24/2017 1:26
273683	5	247738	SPHvDTUD	Software Analyst	Up	247647	DH	Architectural Consultant	7/13/2017 5:32
273683	5	247738	SPHvDTUD	Software Analyst	Up	247660	MvMUD	Software Analyst	7/24/2017 7:15
273683	5	247738	SPHvDTUD	Software Analyst	Up	247698	K?vTD	Manager	7/13/2017 1:59
273683	5	247738	SPHvDTUD	Software Analyst	Up	247707	KÖSD	Software Engineer	7/12/2017 7:07
273683	5	247738	SPHvDTUD	Software Analyst	Up	247711	KÖSD	Manager	7/24/2017 7:36
273683	5	247738	SPHvDTUD	Software Analyst	Up	247716	SPHvDTUD	Software Analyst	7/19/2017 0:10
273683	5	247738	SPHvDTUD	Software Analyst	Up	247738	SPHvDTUD	Software Analyst	7/11/2017 3:26
273683	5	247738	SPHvDTUD	Software Analyst	Up	247749	KÜGD	Software Analyst	7/11/2017 4:54
273683	5	247738	SPHvDTUD	Software Analyst	Up	247750	FvKUD	Software Analyst	7/11/2017 3:50
273683	5	247738	SPHvDTUD	Software Analyst	Up	247754	K?vTD	Software Architect	7/13/2017 1:01
273683	5	247738	SPHvDTUD	Software Analyst	Up	247762	SPHvDTUD	Software Analyst	7/11/2017 3:33
273683	5	247738	SPHvDTUD	Software Analyst	Up	247765	SAvS?D	Software Analyst	7/12/2017 0:10
273683	5	247738	SPHvDTUD	Software Analyst	Up	247775	MKDD	Software Analyst	7/20/2017 4:46
273683	5	247738	SPHvDTUD	Software Analyst	Up	247781	SPHvDTUD	Software Analyst	7/12/2017 1:46
273683	5	247738	SPHvDTUD	Software Analyst	Up	247785	TBSPvKU?GD	Program Manager	7/11/2017 5:23
273683	5	247738	SPHvDTUD	Software Analyst	Down	247789	SG	Solution Architect	7/19/2017 22:52
273683	5	247738	SPHvDTUD	Software Analyst	Up	247807	TBSPvKU?GD	Expert Business Analyst	7/19/2017 22:17
273683	5	247738	SPHvDTUD	Software Analyst	Up	247812	Mobil ÖUD	Director (Deputy)	7/20/2017 6:25
273683	5	247738	SPHvDTUD	Software Analyst	Up	247818	TBSPvKU?GD	Expert Business Analyst	7/13/2017 0:33
273683	5	247738	SPHvDTUD	Software Analyst	Up	247824	MKDD	Software Architect	7/25/2017 0:36
273683	5	247738	SPHvDTUD	Software Analyst	Up	247842	TBSPvKU?GD	Business Architect	7/13/2017 3:51
273683	5	247738	SPHvDTUD	Software Analyst	Up	247849	ÇDD	Software Architect	7/19/2017 10:46
273683	5	247738	SPHvDTUD	Software Analyst	Up	247885	SUD	Software Analyst	7/25/2017 1:11
273683	5	247738	SPHvDTUD	Software Analyst	Up	247891	K?vTD	Software Analyst	7/13/2017 4:11
273683	5	247738	SPHvDTUD	Software Analyst	Up	247892	SAvS?D	Solution Architect	7/21/2017 5:27
273683	5	247738	SPHvDTUD	Software Analyst	Up	247911	MKDD	Software Engineer	7/11/2017 5:41
273683	5	247738	SPHvDTUD	Software Analyst	Up	247926	MvKDY?GD	Project Officer	7/11/2017 4:53
273683	5	247738	SPHvDTUD	Software Analyst	Down	247954	BH	Staff_Hosp	7/20/2017 13:01
273683	5	247738	SPHvDTUD	Software Analyst	Up	247993	BH	Staff_Hosp	7/11/2017 4:37
273683	5	247738	SPHvDTUD	Software Analyst	Up	248022	BH	Staff_Hosp	7/12/2017 7:01
273683	5	247738	SPHvDTUD	Software Analyst	Up	248072	STAJYER	Intern	7/12/2017 3:32
273683	5	247738	SPHvDTUD	Software Analyst	Up	248486	TBSPvKU?GD	Expert Business Analyst	7/21/2017 3:06
273688	6	247410	FvKUD	Solution Architect	Up	247163	FvKUD	Manager	7/13/2017 5:40
273688	6	247410	FvKUD	Solution Architect	Down	247371	MKDD	Solution Architect	7/11/2017 5:28
273688	6	247410	FvKUD	Solution Architect	Up	247410	FvKUD	Solution Architect	7/12/2017 1:27
273688	6	247410	FvKUD	Solution Architect	Up	247530	TBSPvKU?GD	Business Architect	7/11/2017 23:22
273688	6	247410	FvKUD	Solution Architect	Up	247549	ÇKBD	Software Architect	7/11/2017 4:31
273688	6	247410	FvKUD	Solution Architect	Up	247554	K?vTD	Software Analyst	7/25/2017 1:19
273688	6	247410	FvKUD	Solution Architect	Up	247657	K?vTD	Team Manager	7/11/2017 22:59
273688	6	247410	FvKUD	Solution Architect	Up	247698	K?vTD	Manager	7/13/2017 13:44
273688	6	247410	FvKUD	Solution Architect	Up	247708	TBSPvKU?GD	Program Manager	7/13/2017 5:20
273688	6	247410	FvKUD	Solution Architect	Up	247824	MKDD	Software Architect	7/25/2017 0:36
273688	6	247410	FvKUD	Solution Architect	Up	247836	SUD	Software Analyst	7/20/2017 7:38
273688	6	247410	FvKUD	Solution Architect	Down	247848	Ü?D	Software Analyst	7/25/2017 0:49
273688	6	247410	FvKUD	Solution Architect	Up	247868	FvKUD	Director	7/13/2017 7:07
273688	6	247410	FvKUD	Solution Architect	Up	247928	MKDD	Software Analyst	7/11/2017 4:53
273688	6	247410	FvKUD	Solution Architect	Down	247954	BH	Staff_Hosp	7/20/2017 13:01
273688	6	247410	FvKUD	Solution Architect	Up	248072	STAJYER	Intern	7/12/2017 3:32
273689	7	247698	K?vTD	Manager	Down	247122	DH	Senior Advisor	7/11/2017 23:09
273689	7	247698	K?vTD	Manager	Down	247125	SPHvDTUD	Software Architect	7/11/2017 7:38
273689	7	247698	K?vTD	Manager	Up	247127	K?vTD	Software Engineer	7/11/2017 23:18
273689	7	247698	K?vTD	Manager	Up	247151	K?vTD	Director	7/25/2017 0:38
273689	7	247698	K?vTD	Manager	Up	247163	FvKUD	Manager	7/13/2017 5:40
273689	7	247698	K?vTD	Manager	Up	247166	K?vTD	Solution Architect	7/23/2017 23:52
273689	7	247698	K?vTD	Manager	Up	247238	KÖSD	Software Architect	7/11/2017 6:37
273689	7	247698	K?vTD	Manager	Up	247326	ÖUD	Manager	7/22/2017 23:28
273689	7	247698	K?vTD	Manager	Up	247342	K?vTD	Software Analyst	7/13/2017 6:56
273689	7	247698	K?vTD	Manager	Down	247345	KÜGD	Software Analyst	7/24/2017 22:35
273689	7	247698	K?vTD	Manager	Down	247371	MKDD	Solution Architect	7/11/2017 5:28
273689	7	247698	K?vTD	Manager	Up	247472	KÜGD	Solution Architect	7/20/2017 4:34
273689	7	247698	K?vTD	Manager	Up	247536	K?vTD	Software Analyst	7/13/2017 1:50
273689	7	247698	K?vTD	Manager	Up	247554	K?vTD	Software Analyst	7/20/2017 23:40
273689	7	247698	K?vTD	Manager	Up	247682	K?vTD	Software Engineer	7/25/2017 0:21
273689	7	247698	K?vTD	Manager	Up	247698	K?vTD	Manager	7/13/2017 1:59
273689	7	247698	K?vTD	Manager	Up	247725	TBSPvKU?GD	Business Analyst	7/25/2017 0:10
273689	7	247698	K?vTD	Manager	Down	247750	FvKUD	Software Analyst	7/11/2017 7:11
273689	7	247698	K?vTD	Manager	Up	247763	KÜGD	Solution Architect	7/21/2017 0:15
273689	7	247698	K?vTD	Manager	Up	247789	SG	Solution Architect	7/19/2017 22:52
273689	7	247698	K?vTD	Manager	Up	247824	MKDD	Software Architect	7/25/2017 0:20
273689	7	247698	K?vTD	Manager	Up	247848	Ü?D	Software Analyst	7/25/2017 0:49
273689	7	247698	K?vTD	Manager	Down	247866	MKDD	Software Analyst	7/25/2017 0:32
273689	7	247698	K?vTD	Manager	Up	247868	FvKUD	Director	7/13/2017 7:07
273689	7	247698	K?vTD	Manager	Up	247878	K?vTD	Software Analyst	7/13/2017 6:33
273689	7	247698	K?vTD	Manager	Up	247904	ÇKBD	Manager	7/13/2017 8:22
273689	7	247698	K?vTD	Manager	Up	247926	MvKDY?GD	Project Officer	7/11/2017 4:52
273708	8	247589	KÖSD	Software Engineer	Up	247125	SPHvDTUD	Software Architect	7/25/2017 0:35
273708	8	247589	KÖSD	Software Engineer	Up	247157	KÖSD	Software Engineer	7/12/2017 5:07
273708	8	247589	KÖSD	Software Engineer	Up	247223	KÖSD	Solution Architect	7/12/2017 12:30
273708	8	247589	KÖSD	Software Engineer	Up	247238	KÖSD	Software Architect	7/11/2017 6:40
273708	8	247589	KÖSD	Software Engineer	Up	247267	KÖS?GD	Business Analyst	7/11/2017 5:51
273708	8	247589	KÖSD	Software Engineer	Down	247345	KÜGD	Software Analyst	7/24/2017 22:36
273708	8	247589	KÖSD	Software Engineer	Up	247351	KÖSD	Software Engineer	7/12/2017 6:39
273708	8	247589	KÖSD	Software Engineer	Up	247371	MKDD	Solution Architect	7/11/2017 5:39
273708	8	247589	KÖSD	Software Engineer	Up	247417	KÖSD	Software Analyst	7/11/2017 6:04
273708	8	247589	KÖSD	Software Engineer	Down	247440	KÜGD	Team Manager (Deputy)	7/12/2017 22:51
273708	8	247589	KÖSD	Software Engineer	Up	247463	KÖSD	Software Analyst	7/11/2017 6:57
273708	8	247589	KÖSD	Software Engineer	Up	247474	ÇKBD	Team Manager	7/24/2017 7:40
273708	8	247589	KÖSD	Software Engineer	Up	247497	KÖSD	Software Engineer	7/11/2017 5:54
273708	8	247589	KÖSD	Software Engineer	Up	247525	KÖSD	Software Engineer	7/13/2017 0:46
273708	8	247589	KÖSD	Software Engineer	Up	247532	KÖSD	Software Engineer	7/11/2017 5:50
273708	8	247589	KÖSD	Software Engineer	Up	247537	KÖSD	Software Analyst	7/20/2017 3:49
273708	8	247589	KÖSD	Software Engineer	Up	247554	K?vTD	Software Analyst	7/25/2017 1:18
273708	8	247589	KÖSD	Software Engineer	Up	247563	BTD	Expert System Support Deputy	7/11/2017 5:49
273708	8	247589	KÖSD	Software Engineer	Up	247589	KÖSD	Software Engineer	7/11/2017 5:34
273708	8	247589	KÖSD	Software Engineer	Up	247698	K?vTD	Manager	7/13/2017 13:43
273708	8	247589	KÖSD	Software Engineer	Up	247707	KÖSD	Software Engineer	7/12/2017 7:05
273708	8	247589	KÖSD	Software Engineer	Up	247721	Ü?D	Software Engineer	7/12/2017 3:57
273708	8	247589	KÖSD	Software Engineer	Up	247761	FvKUD	Software Architect	7/11/2017 6:56
273708	8	247589	KÖSD	Software Engineer	Up	247790	KÖSD	Software Architect	7/11/2017 5:44
273708	8	247589	KÖSD	Software Engineer	Up	247824	MKDD	Software Architect	7/25/2017 0:40
273708	8	247589	KÖSD	Software Engineer	Down	247851	ÜYvTUD	Director	7/24/2017 7:13
273708	8	247589	KÖSD	Software Engineer	Up	247928	MKDD	Software Analyst	7/11/2017 5:34
273718	9	247698	K?vTD	Manager	Up	247127	K?vTD	Software Engineer	7/11/2017 23:18
273718	9	247698	K?vTD	Manager	Up	247144	K?vTD	Software Analyst	7/13/2017 3:48
273718	9	247698	K?vTD	Manager	Up	247147	K?vTD	Software Analyst	7/19/2017 7:57
273718	9	247698	K?vTD	Manager	Up	247148	K?vTD	Software Engineer	7/25/2017 0:12
273718	9	247698	K?vTD	Manager	Up	247149	TBSPvKU?GD	Expert Business Analyst	7/25/2017 1:54
273718	9	247698	K?vTD	Manager	Up	247151	K?vTD	Director	7/17/2017 3:21
273718	9	247698	K?vTD	Manager	Up	247163	FvKUD	Manager	7/13/2017 5:40
273718	9	247698	K?vTD	Manager	Up	247166	K?vTD	Solution Architect	7/23/2017 23:52
273718	9	247698	K?vTD	Manager	Up	247168	TBSPvKU?GD	Business Architect	7/17/2017 4:42
273718	9	247698	K?vTD	Manager	Up	247185	K?vTD	Software Analyst	7/25/2017 1:05
273718	9	247698	K?vTD	Manager	Up	247192	HYD	Application Support Expert	7/25/2017 1:57
273718	9	247698	K?vTD	Manager	Up	247208	K?vTD	Solution Architect	7/23/2017 22:57
273718	9	247698	K?vTD	Manager	Up	247217	ÖUD	Business Architect	7/25/2017 1:19
273718	9	247698	K?vTD	Manager	Up	247227	SPHvDTUD	Software Analyst	7/21/2017 3:41
273718	9	247698	K?vTD	Manager	Down	247267	KÖS?GD	Business Analyst	7/20/2017 3:41
273718	9	247698	K?vTD	Manager	Up	247269	MvMUD	Software Architect	7/25/2017 1:15
273718	9	247698	K?vTD	Manager	Up	247275	MvMUD	Software Architect	7/20/2017 23:03
273718	9	247698	K?vTD	Manager	Up	247308	KÜGD	Software Analyst	7/23/2017 22:47
273718	9	247698	K?vTD	Manager	Up	247310	SPHvDTUD	Software Analyst	7/24/2017 0:39
273718	9	247698	K?vTD	Manager	Up	247326	ÖUD	Manager	7/22/2017 23:26
273718	9	247698	K?vTD	Manager	Up	247331	SAvS?D	Software Analyst	7/21/2017 4:36
273718	9	247698	K?vTD	Manager	Up	247342	K?vTD	Software Analyst	7/19/2017 8:17
273718	9	247698	K?vTD	Manager	Up	247343	K?vTD	Software Analyst	7/12/2017 4:34
273718	9	247698	K?vTD	Manager	Down	247345	KÜGD	Software Analyst	7/24/2017 22:35
273718	9	247698	K?vTD	Manager	Up	247370	SAvS?D	Software Analyst	7/17/2017 7:24
273718	9	247698	K?vTD	Manager	Down	247371	MKDD	Solution Architect	7/11/2017 5:59
273718	9	247698	K?vTD	Manager	Up	247375	ÇKBD	Solution Architect	7/25/2017 1:45
273718	9	247698	K?vTD	Manager	Up	247385	ÜYvTUD	Software Architect	7/25/2017 1:43
273718	9	247698	K?vTD	Manager	Up	247400	Mobil ÖUD	Software Analyst	7/23/2017 23:05
273718	9	247698	K?vTD	Manager	Up	247407	MvMUD	Software Analyst	7/24/2017 8:08
273718	9	247698	K?vTD	Manager	Up	247410	FvKUD	Solution Architect	7/13/2017 22:43
273718	9	247698	K?vTD	Manager	Up	247424	K?vTD	Software Analyst	7/25/2017 0:09
273718	9	247698	K?vTD	Manager	Up	247436	K?vTD	Software Analyst	7/19/2017 6:18
273718	9	247698	K?vTD	Manager	Up	247468	MKDD	Solution Architect	7/17/2017 5:00
273718	9	247698	K?vTD	Manager	Up	247477	K?vTD	Software Analyst	7/25/2017 0:16
273718	9	247698	K?vTD	Manager	Up	247510	?vM?D	Administrative Affairs Superviser	7/24/2017 0:31
273718	9	247698	K?vTD	Manager	Up	247524	K?vTD	Solution Architect	7/13/2017 2:06
273718	9	247698	K?vTD	Manager	Up	247530	TBSPvKU?GD	Business Architect	7/11/2017 6:15
273718	9	247698	K?vTD	Manager	Up	247536	K?vTD	Software Analyst	7/13/2017 1:50
273718	9	247698	K?vTD	Manager	Up	247554	K?vTD	Software Analyst	7/14/2017 10:28
273718	9	247698	K?vTD	Manager	Up	247562	SPHvDTUD	Manager	7/24/2017 1:03
273718	9	247698	K?vTD	Manager	Up	247583	ÖUD	Software Analyst	7/24/2017 7:15
273718	9	247698	K?vTD	Manager	Up	247586	TBSPvKU?GD	Manager	7/25/2017 1:12
273718	9	247698	K?vTD	Manager	Up	247609	SPHvDTUD	Solution Architect	7/24/2017 7:17
273718	9	247698	K?vTD	Manager	Up	247642	MvMUD	Senior Solution Architect	7/24/2017 1:26
273718	9	247698	K?vTD	Manager	Up	247674	ÇKBD	Software Analyst	7/12/2017 4:15
273718	9	247698	K?vTD	Manager	Up	247682	K?vTD	Software Engineer	7/25/2017 1:05
273718	9	247698	K?vTD	Manager	Up	247698	K?vTD	Manager	7/11/2017 5:58
273718	9	247698	K?vTD	Manager	Up	247725	TBSPvKU?GD	Business Analyst	7/25/2017 0:10
273718	9	247698	K?vTD	Manager	Up	247736	FvKUD	Software Architect	7/24/2017 3:57
273718	9	247698	K?vTD	Manager	Up	247744	Ü?D	Software Architect	7/13/2017 23:25
273718	9	247698	K?vTD	Manager	Up	247754	K?vTD	Software Architect	7/13/2017 2:19
273718	9	247698	K?vTD	Manager	Up	247767	TvPYD	Program Manager	7/23/2017 12:45
273718	9	247698	K?vTD	Manager	Up	247789	SG	Solution Architect	7/13/2017 23:12
273718	9	247698	K?vTD	Manager	Up	247820	K?vTD	Software Engineer	7/23/2017 3:37
273718	9	247698	K?vTD	Manager	Up	247842	TBSPvKU?GD	Business Architect	7/20/2017 7:33
273718	9	247698	K?vTD	Manager	Up	247843	Ü?D	Software Analyst	7/13/2017 23:49
273718	9	247698	K?vTD	Manager	Up	247868	FvKUD	Director	7/13/2017 5:40
273718	9	247698	K?vTD	Manager	Up	247878	K?vTD	Software Analyst	7/13/2017 6:33
273718	9	247698	K?vTD	Manager	Up	247903	MKDD	Software Engineer	7/20/2017 7:27
273718	9	247698	K?vTD	Manager	Up	247904	ÇKBD	Manager	7/13/2017 8:24
273718	9	247698	K?vTD	Manager	Up	247916	K?vTD	Team Manager	7/14/2017 8:35
273718	9	247698	K?vTD	Manager	Up	247918	K?vTD	Software Engineer	7/25/2017 0:14
273718	9	247698	K?vTD	Manager	Up	247946	BH	Staff_Hosp	7/16/2017 23:34
273728	10	245728	?D	Software Architect	Up	245728	?D	Software Architect	7/11/2017 6:12
273728	10	245728	?D	Software Architect	Down	247125	SPHvDTUD	Software Architect	7/11/2017 6:15
273742	11	247287	Ü?D	Software Architect	Up	247120	SUD	Software Architect	7/13/2017 23:07
273742	11	247287	Ü?D	Software Architect	Down	247122	DH	Senior Advisor	7/11/2017 23:11
273742	11	247287	Ü?D	Software Architect	Up	247125	SPHvDTUD	Software Architect	7/11/2017 6:48
273742	11	247287	Ü?D	Software Architect	Up	247287	Ü?D	Software Architect	7/11/2017 7:01
273742	11	247287	Ü?D	Software Architect	Down	247345	KÜGD	Software Analyst	7/24/2017 22:35
273742	11	247287	Ü?D	Software Architect	Up	247462	KÖS?GD	Team Manager (IA)	7/13/2017 0:10
273742	11	247287	Ü?D	Software Architect	Up	247506	UBD	Team Manager	7/17/2017 0:53
273742	11	247287	Ü?D	Software Architect	Up	247554	K?vTD	Software Analyst	7/19/2017 7:28
273742	11	247287	Ü?D	Software Architect	Down	247594	KÖS?GD	Program Manager	7/12/2017 3:09
273742	11	247287	Ü?D	Software Architect	Up	247698	K?vTD	Manager	7/18/2017 2:21
273742	11	247287	Ü?D	Software Architect	Up	247715	HYD	Application Support Expert Deputy	7/12/2017 1:09
273742	11	247287	Ü?D	Software Architect	Down	247750	FvKUD	Software Analyst	7/11/2017 7:03
273742	11	247287	Ü?D	Software Architect	Down	247789	SG	Solution Architect	7/13/2017 23:26
273742	11	247287	Ü?D	Software Architect	Up	247824	MKDD	Software Architect	7/25/2017 0:34
273742	11	247287	Ü?D	Software Architect	Up	247843	Ü?D	Software Analyst	7/14/2017 6:36
273742	11	247287	Ü?D	Software Architect	Up	247848	Ü?D	Software Analyst	7/11/2017 7:16
273742	11	247287	Ü?D	Software Architect	Up	247947	BH	Staff_Hosp	7/13/2017 3:41
273746	12	247848	Ü?D	Software Analyst	Up	247251	MvKDY?GD	Project Officer	7/13/2017 7:12
273746	12	247848	Ü?D	Software Analyst	Up	247252	ÖUD	Program Director	7/11/2017 23:17
273746	12	247848	Ü?D	Software Analyst	Up	247275	MvMUD	Software Architect	7/20/2017 23:06
273746	12	247848	Ü?D	Software Analyst	Up	247287	Ü?D	Software Architect	7/11/2017 7:13
273746	12	247848	Ü?D	Software Analyst	Up	247331	SAvS?D	Software Analyst	7/20/2017 5:28
273746	12	247848	Ü?D	Software Analyst	Up	247337	Ü?D	Software Architect	7/11/2017 7:39
273746	12	247848	Ü?D	Software Analyst	Up	247436	K?vTD	Software Analyst	7/13/2017 1:08
273746	12	247848	Ü?D	Software Analyst	Up	247462	KÖS?GD	Team Manager (IA)	7/21/2017 7:32
273746	12	247848	Ü?D	Software Analyst	Up	247527	ÇKBD	Software Analyst	7/11/2017 7:20
273746	12	247848	Ü?D	Software Analyst	Up	247536	K?vTD	Software Analyst	7/14/2017 1:27
273746	12	247848	Ü?D	Software Analyst	Up	247554	K?vTD	Software Analyst	7/21/2017 4:01
273746	12	247848	Ü?D	Software Analyst	Up	247573	Ü?D	Software Architect	7/11/2017 7:27
273746	12	247848	Ü?D	Software Analyst	Up	247672	Ü?D	Software Architect	7/11/2017 23:37
273746	12	247848	Ü?D	Software Analyst	Up	247677	SAvS?D	Software Analyst	7/25/2017 0:57
273746	12	247848	Ü?D	Software Analyst	Up	247683	Ü?D	Software Engineer	7/20/2017 6:28
273746	12	247848	Ü?D	Software Analyst	Up	247698	K?vTD	Manager	7/13/2017 14:06
273746	12	247848	Ü?D	Software Analyst	Up	247715	HYD	Application Support Expert Deputy	7/12/2017 0:55
273746	12	247848	Ü?D	Software Analyst	Up	247721	Ü?D	Software Engineer	7/12/2017 3:56
273746	12	247848	Ü?D	Software Analyst	Up	247740	Ü?D	Software Architect	7/24/2017 7:29
273746	12	247848	Ü?D	Software Analyst	Up	247754	K?vTD	Software Architect	7/13/2017 1:02
273746	12	247848	Ü?D	Software Analyst	Up	247824	MKDD	Software Architect	7/25/2017 0:31
273746	12	247848	Ü?D	Software Analyst	Up	247843	Ü?D	Software Analyst	7/13/2017 23:54
273746	12	247848	Ü?D	Software Analyst	Up	247848	Ü?D	Software Analyst	7/11/2017 6:50
273746	12	247848	Ü?D	Software Analyst	Up	247928	MKDD	Software Analyst	7/11/2017 7:07
273746	12	247848	Ü?D	Software Analyst	Up	247954	BH	Staff_Hosp	7/11/2017 14:37
273746	12	247848	Ü?D	Software Analyst	Up	248072	STAJYER	Intern	7/14/2017 4:53
273752	13	247125	SPHvDTUD	Software Architect	Down	247122	DH	Senior Advisor	7/11/2017 23:10
273752	13	247125	SPHvDTUD	Software Architect	Up	247125	SPHvDTUD	Software Architect	7/11/2017 7:11
273752	13	247125	SPHvDTUD	Software Architect	Up	247219	SPHvDTUD	Software Analyst	7/14/2017 1:31
273752	13	247125	SPHvDTUD	Software Architect	Up	247223	KÖSD	Solution Architect	7/12/2017 12:36
273752	13	247125	SPHvDTUD	Software Architect	Up	247259	KÖSD	Senior Solution Architect	7/24/2017 2:21
273752	13	247125	SPHvDTUD	Software Architect	Down	247342	K?vTD	Software Analyst	7/14/2017 8:33
273752	13	247125	SPHvDTUD	Software Architect	Down	247345	KÜGD	Software Analyst	7/24/2017 22:38
273752	13	247125	SPHvDTUD	Software Architect	Up	247400	Mobil ÖUD	Software Analyst	7/14/2017 7:45
273752	13	247125	SPHvDTUD	Software Architect	Up	247409	MvMUD	Team Manager (Deputy)	7/11/2017 23:56
273752	13	247125	SPHvDTUD	Software Architect	Down	247440	KÜGD	Team Manager (Deputy)	7/12/2017 22:52
273752	13	247125	SPHvDTUD	Software Architect	Up	247504	TBSPvKU?GD	Business Architect	7/12/2017 3:44
273752	13	247125	SPHvDTUD	Software Architect	Down	247505	K?vTD	Software Analyst	7/13/2017 1:24
273752	13	247125	SPHvDTUD	Software Architect	Up	247506	UBD	Team Manager	7/17/2017 0:54
273752	13	247125	SPHvDTUD	Software Architect	Up	247527	ÇKBD	Software Analyst	7/11/2017 7:23
273752	13	247125	SPHvDTUD	Software Architect	Up	247542	ÇKBD	Software Architect	7/11/2017 7:22
273752	13	247125	SPHvDTUD	Software Architect	Up	247554	K?vTD	Software Analyst	7/19/2017 7:50
273752	13	247125	SPHvDTUD	Software Architect	Up	247583	ÖUD	Software Analyst	7/11/2017 23:59
273752	13	247125	SPHvDTUD	Software Architect	Up	247608	KÖS?GD	Project Officer	7/17/2017 4:32
273752	13	247125	SPHvDTUD	Software Architect	Up	247614	FvKUD	Software Analyst	7/20/2017 5:13
273752	13	247125	SPHvDTUD	Software Architect	Up	247657	K?vTD	Team Manager	7/11/2017 22:59
273752	13	247125	SPHvDTUD	Software Architect	Up	247668	TBSPvKU?GD	Expert Business Analyst	7/24/2017 3:19
273752	13	247125	SPHvDTUD	Software Architect	Up	247698	K?vTD	Manager	7/13/2017 13:44
273752	13	247125	SPHvDTUD	Software Architect	Up	247750	FvKUD	Software Analyst	7/11/2017 7:26
273752	13	247125	SPHvDTUD	Software Architect	Up	247756	TBSPvKU?GD	Expert Business Analyst	7/13/2017 7:17
273752	13	247125	SPHvDTUD	Software Architect	Up	247765	SAvS?D	Software Analyst	7/12/2017 0:10
273752	13	247125	SPHvDTUD	Software Architect	Down	247787	MKDD	Team Manager	7/20/2017 5:32
273752	13	247125	SPHvDTUD	Software Architect	Up	247789	SG	Solution Architect	7/16/2017 23:22
273752	13	247125	SPHvDTUD	Software Architect	Up	247824	MKDD	Software Architect	7/25/2017 0:41
273752	13	247125	SPHvDTUD	Software Architect	Up	247838	GD	Software Analyst	7/25/2017 1:51
273752	13	247125	SPHvDTUD	Software Architect	Up	247850	FvKUD	Software Architect	7/13/2017 5:47
273752	13	247125	SPHvDTUD	Software Architect	Down	247851	ÜYvTUD	Director	7/24/2017 7:14
273752	13	247125	SPHvDTUD	Software Architect	Down	247916	K?vTD	Team Manager	7/14/2017 8:35
273752	13	247125	SPHvDTUD	Software Architect	Down	247954	BH	Staff_Hosp	7/17/2017 12:31
273752	13	247125	SPHvDTUD	Software Architect	Up	248045	STAJYER	Intern	7/12/2017 0:06
273752	13	247125	SPHvDTUD	Software Architect	Up	248072	STAJYER	Intern	7/12/2017 3:32
273853	14	247530	TBSPvKU?GD	Business Architect	Down	247117	ÜYvTUD	Software Analyst	7/23/2017 23:04
273853	14	247530	TBSPvKU?GD	Business Architect	Up	247129	ÇDD	Program Manager	7/24/2017 4:47
273853	14	247530	TBSPvKU?GD	Business Architect	Up	247145	ÜYvTUD	Software Analyst	7/25/2017 1:18
273853	14	247530	TBSPvKU?GD	Business Architect	Up	247148	K?vTD	Software Engineer	7/16/2017 22:24
273853	14	247530	TBSPvKU?GD	Business Architect	Up	247159	SPHvDTUD	Software Analyst	7/12/2017 3:22
273853	14	247530	TBSPvKU?GD	Business Architect	Up	247162	TBSPvKU?GD	Business Architect	7/13/2017 7:26
273853	14	247530	TBSPvKU?GD	Business Architect	Up	247167	TBSPvKU?GD	Business Architect	7/20/2017 0:15
273853	14	247530	TBSPvKU?GD	Business Architect	Up	247178	ÇKBD	Software Analyst	7/12/2017 7:11
273853	14	247530	TBSPvKU?GD	Business Architect	Up	247189	HYD	Application Support Expert Deputy	7/24/2017 23:10
273853	14	247530	TBSPvKU?GD	Business Architect	Up	247195	TvPYD	Project Manager	7/24/2017 14:12
273853	14	247530	TBSPvKU?GD	Business Architect	Up	247217	ÖUD	Business Architect	7/25/2017 1:19
273853	14	247530	TBSPvKU?GD	Business Architect	Up	247227	SPHvDTUD	Software Analyst	7/12/2017 7:01
273853	14	247530	TBSPvKU?GD	Business Architect	Up	247231	MvMUD	Software Analyst	7/21/2017 0:49
273853	14	247530	TBSPvKU?GD	Business Architect	Up	247265	SPHvDTUD	Software Analyst	7/14/2017 6:46
273853	14	247530	TBSPvKU?GD	Business Architect	Down	247267	KÖS?GD	Business Analyst	7/20/2017 3:40
273853	14	247530	TBSPvKU?GD	Business Architect	Up	247275	MvMUD	Software Architect	7/20/2017 23:02
273853	14	247530	TBSPvKU?GD	Business Architect	Up	247277	ÖUD	Team Manager (IA)	7/24/2017 23:35
273853	14	247530	TBSPvKU?GD	Business Architect	Up	247283	UBD	Expert Business Analyst	7/12/2017 23:08
273853	14	247530	TBSPvKU?GD	Business Architect	Up	247315	ÜYvTUD	Software Analyst	7/17/2017 6:53
273853	14	247530	TBSPvKU?GD	Business Architect	Up	247335	ÇKBD	Software Analyst	7/12/2017 6:57
273853	14	247530	TBSPvKU?GD	Business Architect	Up	247338	SPHvDTUD	Software Architect	7/19/2017 3:06
273853	14	247530	TBSPvKU?GD	Business Architect	Up	247353	SPHvDTUD	Software Analyst	7/19/2017 2:00
273853	14	247530	TBSPvKU?GD	Business Architect	Up	247379	SPHvDTUD	Software Architect	7/24/2017 4:59
273853	14	247530	TBSPvKU?GD	Business Architect	Up	247394	MvMUD	Software Architect	7/20/2017 23:11
273853	14	247530	TBSPvKU?GD	Business Architect	Up	247407	MvMUD	Software Analyst	7/24/2017 8:04
273853	14	247530	TBSPvKU?GD	Business Architect	Up	247409	MvMUD	Team Manager (Deputy)	7/21/2017 10:05
273853	14	247530	TBSPvKU?GD	Business Architect	Up	247410	FvKUD	Solution Architect	7/13/2017 4:19
273853	14	247530	TBSPvKU?GD	Business Architect	Up	247416	FvKUD	Software Architect	7/20/2017 7:29
273853	14	247530	TBSPvKU?GD	Business Architect	Up	247419	MvMUD	Software Analyst	7/20/2017 22:40
273853	14	247530	TBSPvKU?GD	Business Architect	Up	247422	HYD	Business Architect	7/24/2017 23:07
273853	14	247530	TBSPvKU?GD	Business Architect	Up	247436	K?vTD	Software Analyst	7/19/2017 7:25
273853	14	247530	TBSPvKU?GD	Business Architect	Up	247459	TBSPvKU?GD	Project Manager	7/17/2017 6:52
273853	14	247530	TBSPvKU?GD	Business Architect	Up	247466	TBSPvKU?GD	Business Architect	7/13/2017 22:44
273853	14	247530	TBSPvKU?GD	Business Architect	Up	247475	MvMUD	Software Architect	7/24/2017 23:18
273853	14	247530	TBSPvKU?GD	Business Architect	Up	247477	K?vTD	Software Analyst	7/25/2017 0:19
273853	14	247530	TBSPvKU?GD	Business Architect	Up	247499	SPHvDTUD	Software Analyst	7/12/2017 6:57
273853	14	247530	TBSPvKU?GD	Business Architect	Up	247504	TBSPvKU?GD	Business Architect	7/12/2017 3:35
273853	14	247530	TBSPvKU?GD	Business Architect	Up	247530	TBSPvKU?GD	Business Architect	7/12/2017 3:20
273853	14	247530	TBSPvKU?GD	Business Architect	Up	247546	ÇDD	Program Director	7/21/2017 5:46
273853	14	247530	TBSPvKU?GD	Business Architect	Up	247554	K?vTD	Software Analyst	7/19/2017 2:05
273853	14	247530	TBSPvKU?GD	Business Architect	Up	247562	SPHvDTUD	Manager	7/13/2017 22:43
273853	14	247530	TBSPvKU?GD	Business Architect	Up	247586	TBSPvKU?GD	Manager	7/19/2017 23:41
273853	14	247530	TBSPvKU?GD	Business Architect	Up	247596	HYD	Application Support Expert Deputy	7/24/2017 23:09
273853	14	247530	TBSPvKU?GD	Business Architect	Up	247610	TBSPvKU?GD	Expert Business Analyst	7/19/2017 23:51
273853	14	247530	TBSPvKU?GD	Business Architect	Up	247620	SPHvDTUD	Software Analyst	7/13/2017 0:20
273853	14	247530	TBSPvKU?GD	Business Architect	Up	247622	TBSPvKU?GD	Business Architect	7/13/2017 1:12
273853	14	247530	TBSPvKU?GD	Business Architect	Up	247627	TBSPvKU?GD	Expert Business Analyst	7/20/2017 23:03
273853	14	247530	TBSPvKU?GD	Business Architect	Up	247633	TBSPvKU?GD	Director	7/24/2017 23:49
273853	14	247530	TBSPvKU?GD	Business Architect	Up	247642	MvMUD	Senior Solution Architect	7/24/2017 1:26
273853	14	247530	TBSPvKU?GD	Business Architect	Up	247653	SPHvDTUD	Software Analyst	7/17/2017 0:21
273853	14	247530	TBSPvKU?GD	Business Architect	Up	247681	SPHvDTUD	Solution Architect (Vekil Manager)	7/20/2017 3:49
273853	14	247530	TBSPvKU?GD	Business Architect	Up	247687	KÜGD	Team Manager	7/25/2017 1:25
273853	14	247530	TBSPvKU?GD	Business Architect	Up	247688	SAvS?D	Manager	7/25/2017 1:33
273853	14	247530	TBSPvKU?GD	Business Architect	Up	247689	TBSPvKU?GD	Expert Business Analyst	7/20/2017 3:20
273853	14	247530	TBSPvKU?GD	Business Architect	Up	247698	K?vTD	Manager	7/13/2017 13:43
273853	14	247530	TBSPvKU?GD	Business Architect	Up	247715	HYD	Application Support Expert Deputy	7/21/2017 4:45
273853	14	247530	TBSPvKU?GD	Business Architect	Up	247716	SPHvDTUD	Software Analyst	7/24/2017 23:34
273853	14	247530	TBSPvKU?GD	Business Architect	Up	247738	SPHvDTUD	Software Analyst	7/12/2017 3:22
273853	14	247530	TBSPvKU?GD	Business Architect	Up	247750	FvKUD	Software Analyst	7/12/2017 7:08
273853	14	247530	TBSPvKU?GD	Business Architect	Up	247762	SPHvDTUD	Software Analyst	7/16/2017 23:02
273853	14	247530	TBSPvKU?GD	Business Architect	Up	247765	SAvS?D	Software Analyst	7/25/2017 1:09
273853	14	247530	TBSPvKU?GD	Business Architect	Up	247781	SPHvDTUD	Software Analyst	7/18/2017 23:13
273853	14	247530	TBSPvKU?GD	Business Architect	Up	247785	TBSPvKU?GD	Program Manager	7/13/2017 5:28
273853	14	247530	TBSPvKU?GD	Business Architect	Up	247807	TBSPvKU?GD	Expert Business Analyst	7/19/2017 22:17
273853	14	247530	TBSPvKU?GD	Business Architect	Up	247818	TBSPvKU?GD	Expert Business Analyst	7/13/2017 0:29
273853	14	247530	TBSPvKU?GD	Business Architect	Up	247824	MKDD	Software Architect	7/24/2017 23:36
273853	14	247530	TBSPvKU?GD	Business Architect	Up	247833	DH	Consultant	7/24/2017 23:11
273853	14	247530	TBSPvKU?GD	Business Architect	Up	247842	TBSPvKU?GD	Business Architect	7/17/2017 1:35
273853	14	247530	TBSPvKU?GD	Business Architect	Up	247848	Ü?D	Software Analyst	7/25/2017 0:42
273853	14	247530	TBSPvKU?GD	Business Architect	Down	247851	ÜYvTUD	Director	7/24/2017 7:14
273853	14	247530	TBSPvKU?GD	Business Architect	Up	247881	UBD	Expert Business Analyst	7/24/2017 23:25
273853	14	247530	TBSPvKU?GD	Business Architect	Down	247954	BH	Staff_Hosp	7/20/2017 13:01
273853	14	247530	TBSPvKU?GD	Business Architect	Up	248072	STAJYER	Intern	7/13/2017 5:36
273853	14	247530	TBSPvKU?GD	Business Architect	Down	248570	STAJYER	Intern	7/25/2017 1:42
273858	15	247536	K?vTD	Software Analyst	Up	247117	ÜYvTUD	Software Analyst	7/19/2017 23:01
273858	15	247536	K?vTD	Software Analyst	Up	247125	SPHvDTUD	Software Architect	7/14/2017 6:51
273858	15	247536	K?vTD	Software Analyst	Up	247127	K?vTD	Software Engineer	7/13/2017 7:57
273858	15	247536	K?vTD	Software Analyst	Up	247144	K?vTD	Software Analyst	7/14/2017 6:06
273858	15	247536	K?vTD	Software Analyst	Up	247147	K?vTD	Software Analyst	7/19/2017 7:58
273858	15	247536	K?vTD	Software Analyst	Up	247151	K?vTD	Director	7/25/2017 0:42
273858	15	247536	K?vTD	Software Analyst	Up	247155	MvMUD	Software Analyst	7/17/2017 5:03
273858	15	247536	K?vTD	Software Analyst	Up	247208	K?vTD	Solution Architect	7/23/2017 22:57
273858	15	247536	K?vTD	Software Analyst	Up	247217	ÖUD	Business Architect	7/13/2017 5:47
273858	15	247536	K?vTD	Software Analyst	Down	247267	KÖS?GD	Business Analyst	7/20/2017 3:40
273858	15	247536	K?vTD	Software Analyst	Up	247275	MvMUD	Software Architect	7/20/2017 23:06
273858	15	247536	K?vTD	Software Analyst	Up	247308	KÜGD	Software Analyst	7/23/2017 22:52
273858	15	247536	K?vTD	Software Analyst	Up	247342	K?vTD	Software Analyst	7/12/2017 4:18
273858	15	247536	K?vTD	Software Analyst	Up	247347	SAvS?D	Konfigürasyon Mühendisi	7/19/2017 8:26
273858	15	247536	K?vTD	Software Analyst	Up	247385	ÜYvTUD	Software Architect	7/25/2017 1:44
273858	15	247536	K?vTD	Software Analyst	Up	247391	ÜYvTUD	Software Analyst	7/25/2017 0:23
273858	15	247536	K?vTD	Software Analyst	Up	247401	ÖUD	Solution Architect	7/13/2017 1:58
273858	15	247536	K?vTD	Software Analyst	Up	247424	K?vTD	Software Analyst	7/25/2017 0:09
273858	15	247536	K?vTD	Software Analyst	Up	247436	K?vTD	Software Analyst	7/13/2017 1:11
273858	15	247536	K?vTD	Software Analyst	Up	247440	KÜGD	Team Manager (Deputy)	7/12/2017 22:53
273858	15	247536	K?vTD	Software Analyst	Up	247468	MKDD	Solution Architect	7/16/2017 22:47
273858	15	247536	K?vTD	Software Analyst	Up	247527	ÇKBD	Software Analyst	7/20/2017 2:56
273858	15	247536	K?vTD	Software Analyst	Up	247536	K?vTD	Software Analyst	7/12/2017 4:19
273858	15	247536	K?vTD	Software Analyst	Up	247542	ÇKBD	Software Architect	7/12/2017 6:28
273858	15	247536	K?vTD	Software Analyst	Up	247554	K?vTD	Software Analyst	7/13/2017 2:13
273858	15	247536	K?vTD	Software Analyst	Up	247583	ÖUD	Software Analyst	7/17/2017 4:57
273858	15	247536	K?vTD	Software Analyst	Up	247615	K?vTD	Software Analyst	7/12/2017 4:21
273858	15	247536	K?vTD	Software Analyst	Up	247627	TBSPvKU?GD	Expert Business Analyst	7/20/2017 23:15
273858	15	247536	K?vTD	Software Analyst	Up	247634	K?vTD	Software Analyst	7/20/2017 0:42
273858	15	247536	K?vTD	Software Analyst	Up	247642	MvMUD	Senior Solution Architect	7/24/2017 1:27
273858	15	247536	K?vTD	Software Analyst	Up	247647	DH	Architectural Consultant	7/13/2017 5:31
273858	15	247536	K?vTD	Software Analyst	Up	247657	K?vTD	Team Manager	7/16/2017 12:56
273858	15	247536	K?vTD	Software Analyst	Up	247682	K?vTD	Software Engineer	7/13/2017 6:22
273858	15	247536	K?vTD	Software Analyst	Up	247689	TBSPvKU?GD	Expert Business Analyst	7/20/2017 22:50
273858	15	247536	K?vTD	Software Analyst	Up	247698	K?vTD	Manager	7/12/2017 6:02
273858	15	247536	K?vTD	Software Analyst	Up	247711	KÖSD	Manager	7/25/2017 0:36
273858	15	247536	K?vTD	Software Analyst	Up	247712	MvMUD	Software Analyst	7/20/2017 7:49
273858	15	247536	K?vTD	Software Analyst	Up	247730	K?vTD	Software Engineer	7/13/2017 5:10
273858	15	247536	K?vTD	Software Analyst	Up	247750	FvKUD	Software Analyst	7/19/2017 22:34
273858	15	247536	K?vTD	Software Analyst	Up	247754	K?vTD	Software Architect	7/13/2017 1:10
273858	15	247536	K?vTD	Software Analyst	Down	247763	KÜGD	Solution Architect	7/21/2017 1:52
273858	15	247536	K?vTD	Software Analyst	Up	247785	TBSPvKU?GD	Program Manager	7/13/2017 5:26
273858	15	247536	K?vTD	Software Analyst	Down	247789	SG	Solution Architect	7/16/2017 23:28
273858	15	247536	K?vTD	Software Analyst	Up	247824	MKDD	Software Architect	7/24/2017 23:37
273858	15	247536	K?vTD	Software Analyst	Up	247832	ÖUD	Software Analyst	7/13/2017 2:19
273858	15	247536	K?vTD	Software Analyst	Down	247851	ÜYvTUD	Director	7/24/2017 7:14
273858	15	247536	K?vTD	Software Analyst	Up	247878	K?vTD	Software Analyst	7/23/2017 23:50
273858	15	247536	K?vTD	Software Analyst	Up	247891	K?vTD	Software Analyst	7/13/2017 2:10
273858	15	247536	K?vTD	Software Analyst	Up	247916	K?vTD	Team Manager	7/14/2017 8:35
273858	15	247536	K?vTD	Software Analyst	Up	247950	BH	Staff_Hosp	7/13/2017 23:56
273858	15	247536	K?vTD	Software Analyst	Down	247954	BH	Staff_Hosp	7/20/2017 13:01
273858	15	247536	K?vTD	Software Analyst	Up	248045	STAJYER	Intern	7/12/2017 7:01
273858	15	247536	K?vTD	Software Analyst	Up	248072	STAJYER	Intern	7/13/2017 5:36
273859	16	247410	FvKUD	Solution Architect	Down	247117	ÜYvTUD	Software Analyst	7/25/2017 1:24
273859	16	247410	FvKUD	Solution Architect	Up	247163	FvKUD	Manager	7/13/2017 5:40
273859	16	247410	FvKUD	Solution Architect	Up	247357	FvKUD	Software Architect	7/20/2017 22:37
273859	16	247410	FvKUD	Solution Architect	Up	247410	FvKUD	Solution Architect	7/13/2017 4:19
273859	16	247410	FvKUD	Solution Architect	Up	247554	K?vTD	Software Analyst	7/20/2017 23:41
273859	16	247410	FvKUD	Solution Architect	Up	247698	K?vTD	Manager	7/19/2017 0:04
273859	16	247410	FvKUD	Solution Architect	Down	247750	FvKUD	Software Analyst	7/19/2017 22:35
273859	16	247410	FvKUD	Solution Architect	Down	247762	SPHvDTUD	Software Analyst	7/14/2017 1:31
273859	16	247410	FvKUD	Solution Architect	Up	247763	KÜGD	Solution Architect	7/21/2017 0:15
273859	16	247410	FvKUD	Solution Architect	Down	247789	SG	Solution Architect	7/13/2017 23:24
273859	16	247410	FvKUD	Solution Architect	Up	247824	MKDD	Software Architect	7/25/2017 0:36
273859	16	247410	FvKUD	Solution Architect	Down	247851	ÜYvTUD	Director	7/24/2017 7:13
273859	16	247410	FvKUD	Solution Architect	Up	247867	ÖUD	Manager	7/21/2017 1:05
273859	16	247410	FvKUD	Solution Architect	Up	247868	FvKUD	Director	7/13/2017 5:39
273859	16	247410	FvKUD	Solution Architect	Down	247954	BH	Staff_Hosp	7/20/2017 13:00
273868	17	247480	D?UD	Software Architect	Up	247280	SAvS?D	Business Architect	7/13/2017 23:37
273868	17	247480	D?UD	Software Architect	Up	247320	SUD	Software Analyst	7/17/2017 6:51
273868	17	247480	D?UD	Software Architect	Down	247345	KÜGD	Software Analyst	7/24/2017 22:38
273868	17	247480	D?UD	Software Architect	Up	247480	D?UD	Software Architect	7/12/2017 5:36
273868	17	247480	D?UD	Software Architect	Up	247554	K?vTD	Software Analyst	7/25/2017 1:19
273868	17	247480	D?UD	Software Architect	Up	247613	D?UD	Software Architect	7/12/2017 23:44
273868	17	247480	D?UD	Software Architect	Up	247698	K?vTD	Manager	7/13/2017 13:43
273868	17	247480	D?UD	Software Architect	Down	247750	FvKUD	Software Analyst	7/12/2017 7:09
273868	17	247480	D?UD	Software Architect	Down	247761	FvKUD	Software Architect	7/12/2017 6:13
273868	17	247480	D?UD	Software Architect	Down	247789	SG	Solution Architect	7/19/2017 23:00
273868	17	247480	D?UD	Software Architect	Up	247824	MKDD	Software Architect	7/24/2017 23:43
273868	17	247480	D?UD	Software Architect	Up	247920	ÇKBD	Software Analyst	7/12/2017 23:31
273868	17	247480	D?UD	Software Architect	Down	247954	BH	Staff_Hosp	7/20/2017 13:01
273871	18	247962	BH	Staff_Hosp	Up	247554	K?vTD	Software Analyst	7/20/2017 23:41
273871	18	247962	BH	Staff_Hosp	Up	247698	K?vTD	Manager	7/13/2017 1:59
273871	18	247962	BH	Staff_Hosp	Down	247789	SG	Solution Architect	7/13/2017 23:25
273871	18	247962	BH	Staff_Hosp	Up	247824	MKDD	Software Architect	7/25/2017 0:40
273871	18	247962	BH	Staff_Hosp	Down	247954	BH	Staff_Hosp	7/20/2017 13:01
273871	18	247962	BH	Staff_Hosp	Up	247962	BH	Staff_Hosp	7/12/2017 6:07
274007	19	247128	BGvRY	Director	Up	247128	BGvRY	Director	7/12/2017 23:13
274008	20	247128	BGvRY	Director	Up	247128	BGvRY	Director	7/12/2017 23:22
274011	21	247554	K?vTD	Software Analyst	Up	247107	K?vTD	Team Manager	7/13/2017 7:13
274011	21	247554	K?vTD	Software Analyst	Up	247117	ÜYvTUD	Software Analyst	7/13/2017 7:16
274011	21	247554	K?vTD	Software Analyst	Up	247127	K?vTD	Software Engineer	7/13/2017 7:55
274011	21	247554	K?vTD	Software Analyst	Up	247144	K?vTD	Software Analyst	7/13/2017 3:39
274011	21	247554	K?vTD	Software Analyst	Up	247147	K?vTD	Software Analyst	7/19/2017 7:57
274011	21	247554	K?vTD	Software Analyst	Up	247151	K?vTD	Director	7/25/2017 0:42
274011	21	247554	K?vTD	Software Analyst	Up	247196	ÖUD	Software Architect	7/13/2017 1:52
274011	21	247554	K?vTD	Software Analyst	Up	247208	K?vTD	Solution Architect	7/23/2017 22:58
274011	21	247554	K?vTD	Software Analyst	Down	247227	SPHvDTUD	Software Analyst	7/19/2017 3:45
274011	21	247554	K?vTD	Software Analyst	Down	247267	KÖS?GD	Business Analyst	7/20/2017 3:48
274011	21	247554	K?vTD	Software Analyst	Up	247335	ÇKBD	Software Analyst	7/13/2017 7:25
274011	21	247554	K?vTD	Software Analyst	Up	247342	K?vTD	Software Analyst	7/14/2017 6:08
274011	21	247554	K?vTD	Software Analyst	Up	247370	SAvS?D	Software Analyst	7/18/2017 0:25
274011	21	247554	K?vTD	Software Analyst	Up	247400	Mobil ÖUD	Software Analyst	7/14/2017 7:41
274011	21	247554	K?vTD	Software Analyst	Up	247424	K?vTD	Software Analyst	7/25/2017 0:09
274011	21	247554	K?vTD	Software Analyst	Up	247427	Ü?D	Software Engineer	7/14/2017 0:10
274011	21	247554	K?vTD	Software Analyst	Up	247436	K?vTD	Software Analyst	7/13/2017 1:02
274011	21	247554	K?vTD	Software Analyst	Up	247438	K?vTD	Software Engineer	7/13/2017 22:48
274011	21	247554	K?vTD	Software Analyst	Down	247499	SPHvDTUD	Software Analyst	7/19/2017 3:46
274011	21	247554	K?vTD	Software Analyst	Up	247505	K?vTD	Software Analyst	7/13/2017 1:23
274011	21	247554	K?vTD	Software Analyst	Up	247524	K?vTD	Solution Architect	7/13/2017 1:54
274011	21	247554	K?vTD	Software Analyst	Up	247536	K?vTD	Software Analyst	7/13/2017 1:51
274011	21	247554	K?vTD	Software Analyst	Up	247554	K?vTD	Software Analyst	7/20/2017 23:50
274011	21	247554	K?vTD	Software Analyst	Up	247682	K?vTD	Software Engineer	7/25/2017 0:18
274011	21	247554	K?vTD	Software Analyst	Up	247698	K?vTD	Manager	7/13/2017 1:44
274011	21	247554	K?vTD	Software Analyst	Up	247730	K?vTD	Software Engineer	7/13/2017 5:04
274011	21	247554	K?vTD	Software Analyst	Up	247754	K?vTD	Software Architect	7/13/2017 1:02
274011	21	247554	K?vTD	Software Analyst	Up	247756	TBSPvKU?GD	Expert Business Analyst	7/13/2017 6:58
274011	21	247554	K?vTD	Software Analyst	Down	247789	SG	Solution Architect	7/13/2017 23:25
274011	21	247554	K?vTD	Software Analyst	Up	247824	MKDD	Software Architect	7/25/2017 0:37
274011	21	247554	K?vTD	Software Analyst	Up	247832	ÖUD	Software Analyst	7/13/2017 2:19
274011	21	247554	K?vTD	Software Analyst	Up	247862	TBSPvKU?GD	Expert Business Analyst	7/13/2017 5:42
274011	21	247554	K?vTD	Software Analyst	Up	247878	K?vTD	Software Analyst	7/13/2017 6:32
274011	21	247554	K?vTD	Software Analyst	Up	247891	K?vTD	Software Analyst	7/13/2017 1:51
274011	21	247554	K?vTD	Software Analyst	Up	247904	ÇKBD	Manager	7/24/2017 7:04
274011	21	247554	K?vTD	Software Analyst	Up	247928	MKDD	Software Analyst	7/13/2017 6:06
274011	21	247554	K?vTD	Software Analyst	Up	247961	BH	Staff_Hosp	7/21/2017 23:59
274011	21	247554	K?vTD	Software Analyst	Up	248045	STAJYER	Intern	7/18/2017 7:20
274011	21	247554	K?vTD	Software Analyst	Up	248072	STAJYER	Intern	7/13/2017 5:36
274012	22	247789	SG	Solution Architect	Up	247117	ÜYvTUD	Software Analyst	7/13/2017 1:37
274012	22	247789	SG	Solution Architect	Up	247125	SPHvDTUD	Software Architect	7/24/2017 5:05
274012	22	247789	SG	Solution Architect	Up	247308	KÜGD	Software Analyst	7/23/2017 22:52
274012	22	247789	SG	Solution Architect	Down	247345	KÜGD	Software Analyst	7/24/2017 22:38
274012	22	247789	SG	Solution Architect	Up	247400	Mobil ÖUD	Software Analyst	7/14/2017 7:43
274012	22	247789	SG	Solution Architect	Up	247404	DH	Consultant	7/24/2017 7:09
274012	22	247789	SG	Solution Architect	Up	247443	Mobil ÖUD	Software Analyst	7/13/2017 6:29
274012	22	247789	SG	Solution Architect	Up	247554	K?vTD	Software Analyst	7/25/2017 1:19
274012	22	247789	SG	Solution Architect	Up	247592	SAvS?D	Software Architect	7/16/2017 8:51
274012	22	247789	SG	Solution Architect	Down	247616	MKDD	Software Analyst	7/25/2017 0:25
274012	22	247789	SG	Solution Architect	Up	247657	K?vTD	Team Manager	7/13/2017 3:53
274012	22	247789	SG	Solution Architect	Up	247698	K?vTD	Manager	7/13/2017 13:44
274012	22	247789	SG	Solution Architect	Up	247740	Ü?D	Software Architect	7/19/2017 0:00
274012	22	247789	SG	Solution Architect	Up	247789	SG	Solution Architect	7/13/2017 0:44
274012	22	247789	SG	Solution Architect	Up	247824	MKDD	Software Architect	7/25/2017 0:42
274012	22	247789	SG	Solution Architect	Up	247848	Ü?D	Software Analyst	7/13/2017 1:43
274012	22	247789	SG	Solution Architect	Down	247954	BH	Staff_Hosp	7/20/2017 13:00
274014	23	247754	K?vTD	Software Architect	Up	247107	K?vTD	Team Manager	7/13/2017 7:49
274014	23	247754	K?vTD	Software Architect	Up	247125	SPHvDTUD	Software Architect	7/13/2017 3:53
274014	23	247754	K?vTD	Software Architect	Up	247127	K?vTD	Software Engineer	7/13/2017 7:53
274014	23	247754	K?vTD	Software Architect	Up	247144	K?vTD	Software Analyst	7/13/2017 7:53
274014	23	247754	K?vTD	Software Architect	Up	247147	K?vTD	Software Analyst	7/14/2017 7:02
274014	23	247754	K?vTD	Software Architect	Up	247151	K?vTD	Director	7/25/2017 0:42
274014	23	247754	K?vTD	Software Architect	Up	247342	K?vTD	Software Analyst	7/13/2017 6:58
274014	23	247754	K?vTD	Software Architect	Down	247345	KÜGD	Software Analyst	7/24/2017 22:38
274014	23	247754	K?vTD	Software Architect	Up	247436	K?vTD	Software Analyst	7/19/2017 6:18
274014	23	247754	K?vTD	Software Architect	Up	247438	K?vTD	Software Engineer	7/20/2017 23:10
274014	23	247754	K?vTD	Software Architect	Up	247505	K?vTD	Software Analyst	7/13/2017 7:54
274014	23	247754	K?vTD	Software Architect	Up	247535	K?vTD	Software Analyst	7/13/2017 7:51
274014	23	247754	K?vTD	Software Architect	Up	247536	K?vTD	Software Analyst	7/14/2017 1:28
274014	23	247754	K?vTD	Software Architect	Up	247554	K?vTD	Software Analyst	7/21/2017 3:59
274014	23	247754	K?vTD	Software Architect	Up	247657	K?vTD	Team Manager	7/25/2017 0:07
274014	23	247754	K?vTD	Software Architect	Up	247698	K?vTD	Manager	7/13/2017 1:59
274014	23	247754	K?vTD	Software Architect	Up	247754	K?vTD	Software Architect	7/13/2017 3:39
274014	23	247754	K?vTD	Software Architect	Up	247789	SG	Solution Architect	7/13/2017 23:25
274014	23	247754	K?vTD	Software Architect	Up	247792	K?vTD	Manager	7/20/2017 9:28
274014	23	247754	K?vTD	Software Architect	Up	247793	K?vTD	Software Analyst	7/20/2017 23:08
274014	23	247754	K?vTD	Software Architect	Up	247824	MKDD	Software Architect	7/25/2017 0:38
274014	23	247754	K?vTD	Software Architect	Up	247832	ÖUD	Software Analyst	7/14/2017 1:08
274014	23	247754	K?vTD	Software Architect	Up	247891	K?vTD	Software Analyst	7/13/2017 4:09
274014	23	247754	K?vTD	Software Architect	Up	247895	KÖSD	Software Analyst	7/19/2017 12:45
274014	23	247754	K?vTD	Software Architect	Up	247918	K?vTD	Software Engineer	7/16/2017 23:15
274014	23	247754	K?vTD	Software Architect	Down	247954	BH	Staff_Hosp	7/20/2017 13:01
274014	23	247754	K?vTD	Software Architect	Up	247961	BH	Staff_Hosp	7/22/2017 0:01
274014	23	247754	K?vTD	Software Architect	Up	248072	STAJYER	Intern	7/14/2017 4:53
274024	24	247749	KÜGD	Software Analyst	Up	247132	KÜGD	Software Analyst	7/21/2017 1:06
274024	24	247749	KÜGD	Software Analyst	Up	247143	ÇKBD	Software Analyst	7/25/2017 0:38
274024	24	247749	KÜGD	Software Analyst	Up	247151	K?vTD	Director	7/25/2017 0:55
274024	24	247749	KÜGD	Software Analyst	Up	247162	TBSPvKU?GD	Business Architect	7/19/2017 23:09
274024	24	247749	KÜGD	Software Analyst	Up	247168	TBSPvKU?GD	Business Architect	7/21/2017 1:47
274024	24	247749	KÜGD	Software Analyst	Up	247194	KÜGD	Software Engineer	7/13/2017 6:20
274024	24	247749	KÜGD	Software Analyst	Up	247208	K?vTD	Solution Architect	7/23/2017 22:57
274024	24	247749	KÜGD	Software Analyst	Up	247217	ÖUD	Business Architect	7/18/2017 5:03
274024	24	247749	KÜGD	Software Analyst	Up	247242	KÜGD	Software Engineer	7/14/2017 4:58
274024	24	247749	KÜGD	Software Analyst	Up	247244	KÜGD	Software Architect	7/20/2017 3:33
274024	24	247749	KÜGD	Software Analyst	Up	247251	MvKDY?GD	Project Officer	7/13/2017 7:13
274024	24	247749	KÜGD	Software Analyst	Up	247275	MvMUD	Software Architect	7/20/2017 23:05
274024	24	247749	KÜGD	Software Analyst	Up	247294	KÜGD	Software Analyst	7/21/2017 10:41
274024	24	247749	KÜGD	Software Analyst	Up	247321	MvMUD	Software Analyst	7/19/2017 23:35
274024	24	247749	KÜGD	Software Analyst	Up	247342	K?vTD	Software Analyst	7/13/2017 7:01
274024	24	247749	KÜGD	Software Analyst	Up	247345	KÜGD	Software Analyst	7/24/2017 22:37
274024	24	247749	KÜGD	Software Analyst	Up	247354	ÜYvTUD	Solution Architect	7/13/2017 5:52
274024	24	247749	KÜGD	Software Analyst	Up	247391	ÜYvTUD	Software Analyst	7/25/2017 1:14
274024	24	247749	KÜGD	Software Analyst	Up	247407	MvMUD	Software Analyst	7/24/2017 7:47
274024	24	247749	KÜGD	Software Analyst	Up	247440	KÜGD	Team Manager (Deputy)	7/13/2017 5:07
274024	24	247749	KÜGD	Software Analyst	Up	247470	KÖS?GD	Project Manager	7/24/2017 23:19
274024	24	247749	KÜGD	Software Analyst	Up	247493	ÜYvTUD	Software Analyst	7/19/2017 23:20
274024	24	247749	KÜGD	Software Analyst	Up	247504	TBSPvKU?GD	Business Architect	7/20/2017 5:51
274024	24	247749	KÜGD	Software Analyst	Up	247517	TBSPvKU?GD	Business Analyst	7/19/2017 22:54
274024	24	247749	KÜGD	Software Analyst	Up	247526	KÜGD	Software Analyst	7/21/2017 7:53
274024	24	247749	KÜGD	Software Analyst	Up	247536	K?vTD	Software Analyst	7/14/2017 1:28
274024	24	247749	KÜGD	Software Analyst	Up	247554	K?vTD	Software Analyst	7/20/2017 23:41
274024	24	247749	KÜGD	Software Analyst	Up	247642	MvMUD	Senior Solution Architect	7/24/2017 1:29
274024	24	247749	KÜGD	Software Analyst	Up	247664	TBSPvKU?GD	Expert Business Analyst	7/17/2017 5:18
274024	24	247749	KÜGD	Software Analyst	Up	247698	K?vTD	Manager	7/18/2017 2:21
274024	24	247749	KÜGD	Software Analyst	Up	247711	KÖSD	Manager	7/24/2017 7:35
274024	24	247749	KÜGD	Software Analyst	Up	247749	KÜGD	Software Analyst	7/21/2017 7:48
274024	24	247749	KÜGD	Software Analyst	Up	247756	TBSPvKU?GD	Expert Business Analyst	7/13/2017 6:51
274024	24	247749	KÜGD	Software Analyst	Up	247761	FvKUD	Software Architect	7/13/2017 5:21
274024	24	247749	KÜGD	Software Analyst	Up	247763	KÜGD	Solution Architect	7/21/2017 1:51
274024	24	247749	KÜGD	Software Analyst	Up	247785	TBSPvKU?GD	Program Manager	7/19/2017 5:15
274024	24	247749	KÜGD	Software Analyst	Up	247824	MKDD	Software Architect	7/24/2017 23:36
274024	24	247749	KÜGD	Software Analyst	Up	247831	KÜGD	Software Analyst	7/21/2017 12:43
274024	24	247749	KÜGD	Software Analyst	Up	247904	ÇKBD	Manager	7/23/2017 23:39
274024	24	247749	KÜGD	Software Analyst	Up	247924	TBSPvKU?GD	Business Architect	7/20/2017 5:13
274024	24	247749	KÜGD	Software Analyst	Up	248045	STAJYER	Intern	7/13/2017 22:53
274024	24	247749	KÜGD	Software Analyst	Up	248072	STAJYER	Intern	7/14/2017 4:53
274050	25	247904	ÇKBD	Manager	Up	247117	ÜYvTUD	Software Analyst	7/13/2017 22:43
274050	25	247904	ÇKBD	Manager	Up	247135	ÇKBD	Team Manager	7/13/2017 7:04
274050	25	247904	ÇKBD	Manager	Up	247251	MvKDY?GD	Project Officer	7/17/2017 2:06
274050	25	247904	ÇKBD	Manager	Up	247282	HYD	Application Support Expert Deputy	7/13/2017 7:06
274050	25	247904	ÇKBD	Manager	Up	247335	ÇKBD	Software Analyst	7/13/2017 7:25
274050	25	247904	ÇKBD	Manager	Up	247385	ÜYvTUD	Software Architect	7/25/2017 1:43
274050	25	247904	ÇKBD	Manager	Up	247410	FvKUD	Solution Architect	7/14/2017 5:13
274050	25	247904	ÇKBD	Manager	Up	247450	MvKDY?GD	Expert Business Analyst	7/23/2017 23:34
274050	25	247904	ÇKBD	Manager	Up	247527	ÇKBD	Software Analyst	7/19/2017 1:25
274050	25	247904	ÇKBD	Manager	Up	247542	ÇKBD	Software Architect	7/15/2017 1:21
274050	25	247904	ÇKBD	Manager	Up	247554	K?vTD	Software Analyst	7/20/2017 23:41
274050	25	247904	ÇKBD	Manager	Up	247614	FvKUD	Software Analyst	7/20/2017 5:14
274050	25	247904	ÇKBD	Manager	Up	247639	ÇKBD	Manager	7/19/2017 23:55
274050	25	247904	ÇKBD	Manager	Up	247655	SvK?D	Director	7/15/2017 4:28
274050	25	247904	ÇKBD	Manager	Up	247657	K?vTD	Team Manager	7/16/2017 12:48
274050	25	247904	ÇKBD	Manager	Up	247698	K?vTD	Manager	7/13/2017 13:44
274050	25	247904	ÇKBD	Manager	Up	247713	MvKDY?GD	Solution Architect(?A)	7/24/2017 7:08
274050	25	247904	ÇKBD	Manager	Down	247789	SG	Solution Architect	7/25/2017 0:38
274050	25	247904	ÇKBD	Manager	Down	247824	MKDD	Software Architect	7/24/2017 23:47
274050	25	247904	ÇKBD	Manager	Up	247829	ÇKBD	Software Analyst	7/13/2017 6:52
274050	25	247904	ÇKBD	Manager	Up	247865	ÇKBD	Software Architect	7/17/2017 5:09
274050	25	247904	ÇKBD	Manager	Down	247866	MKDD	Software Analyst	7/25/2017 0:37
274050	25	247904	ÇKBD	Manager	Up	247904	ÇKBD	Manager	7/13/2017 6:27
274050	25	247904	ÇKBD	Manager	Down	247954	BH	Staff_Hosp	7/20/2017 13:01
274052	26	247843	Ü?D	Software Analyst	Up	247155	MvMUD	Software Analyst	7/22/2017 23:39
274052	26	247843	Ü?D	Software Analyst	Down	247159	SPHvDTUD	Software Analyst	7/25/2017 1:49
274052	26	247843	Ü?D	Software Analyst	Up	247161	Ü?D	Solution Architect	7/17/2017 2:12
274052	26	247843	Ü?D	Software Analyst	Up	247165	KÖS?GD	Expert Business Analyst	7/25/2017 1:23
274052	26	247843	Ü?D	Software Analyst	Up	247213	KÖS?GD	Expert Business Analyst	7/14/2017 6:56
274052	26	247843	Ü?D	Software Analyst	Up	247217	ÖUD	Business Architect	7/18/2017 4:52
274052	26	247843	Ü?D	Software Analyst	Up	247259	KÖSD	Senior Solution Architect	7/24/2017 2:26
274052	26	247843	Ü?D	Software Analyst	Down	247265	SPHvDTUD	Software Analyst	7/25/2017 1:50
274052	26	247843	Ü?D	Software Analyst	Up	247267	KÖS?GD	Business Analyst	7/13/2017 22:59
274052	26	247843	Ü?D	Software Analyst	Up	247269	MvMUD	Software Architect	7/25/2017 1:22
274052	26	247843	Ü?D	Software Analyst	Up	247271	KÖSD	Team Manager	7/19/2017 1:08
274052	26	247843	Ü?D	Software Analyst	Up	247287	Ü?D	Software Architect	7/14/2017 6:34
274052	26	247843	Ü?D	Software Analyst	Up	247292	ÇDD	Program Manager	7/24/2017 1:18
274052	26	247843	Ü?D	Software Analyst	Up	247300	Ü?D	Software Architect	7/25/2017 0:23
274052	26	247843	Ü?D	Software Analyst	Up	247313	ÖUD	Solution Architect	7/23/2017 23:32
274052	26	247843	Ü?D	Software Analyst	Up	247325	SAvS?D	Expert Business Analyst	7/17/2017 5:21
274052	26	247843	Ü?D	Software Analyst	Up	247336	SAvS?D	Konfigürasyon Sorumlusu	7/24/2017 3:58
274052	26	247843	Ü?D	Software Analyst	Up	247337	Ü?D	Software Architect	7/17/2017 4:08
274052	26	247843	Ü?D	Software Analyst	Up	247339	ÖUD	Software Architect	7/24/2017 6:52
274052	26	247843	Ü?D	Software Analyst	Down	247345	KÜGD	Software Analyst	7/24/2017 22:37
274052	26	247843	Ü?D	Software Analyst	Up	247346	KÜGD	Software Analyst	7/20/2017 1:32
274052	26	247843	Ü?D	Software Analyst	Up	247347	SAvS?D	Konfigürasyon Mühendisi	7/17/2017 6:27
274052	26	247843	Ü?D	Software Analyst	Up	247362	KÖS?GD	Project Manager	7/21/2017 7:30
274052	26	247843	Ü?D	Software Analyst	Up	247372	SAvS?D	Test Sorumlusu	7/24/2017 4:00
274052	26	247843	Ü?D	Software Analyst	Up	247375	ÇKBD	Solution Architect	7/25/2017 1:44
274052	26	247843	Ü?D	Software Analyst	Up	247389	Ü?D	Solution Architect	7/18/2017 2:18
274052	26	247843	Ü?D	Software Analyst	Up	247407	MvMUD	Software Analyst	7/24/2017 8:03
274052	26	247843	Ü?D	Software Analyst	Up	247427	Ü?D	Software Engineer	7/14/2017 0:09
274052	26	247843	Ü?D	Software Analyst	Up	247428	UBD	Software Engineer	7/21/2017 7:39
274052	26	247843	Ü?D	Software Analyst	Up	247436	K?vTD	Software Analyst	7/19/2017 7:23
274052	26	247843	Ü?D	Software Analyst	Up	247437	Ü?D	Software Architect	7/13/2017 7:29
274052	26	247843	Ü?D	Software Analyst	Up	247451	KÜGD	Software Engineer	7/24/2017 23:39
274052	26	247843	Ü?D	Software Analyst	Up	247462	KÖS?GD	Team Manager (IA)	7/13/2017 23:52
274052	26	247843	Ü?D	Software Analyst	Up	247470	KÖS?GD	Project Manager	7/24/2017 23:15
274052	26	247843	Ü?D	Software Analyst	Up	247498	BTD	Sistem Destek Mühendisi	7/25/2017 1:17
274052	26	247843	Ü?D	Software Analyst	Down	247499	SPHvDTUD	Software Analyst	7/19/2017 0:52
274052	26	247843	Ü?D	Software Analyst	Up	247520	Ü?D	Solution Architect	7/25/2017 1:55
274052	26	247843	Ü?D	Software Analyst	Down	247554	K?vTD	Software Analyst	7/25/2017 1:09
274052	26	247843	Ü?D	Software Analyst	Up	247573	Ü?D	Software Architect	7/24/2017 1:10
274052	26	247843	Ü?D	Software Analyst	Up	247580	KÜGD	Software Analyst	7/25/2017 1:57
274052	26	247843	Ü?D	Software Analyst	Up	247600	HYD	Application Support Expert Deputy	7/24/2017 7:37
274052	26	247843	Ü?D	Software Analyst	Up	247608	KÖS?GD	Project Officer	7/17/2017 4:25
274052	26	247843	Ü?D	Software Analyst	Up	247628	KÖSD	Solution Architect	7/24/2017 7:55
274052	26	247843	Ü?D	Software Analyst	Up	247631	Ü?D	Solution Architect	7/14/2017 5:54
274052	26	247843	Ü?D	Software Analyst	Up	247650	UBD	Software Analyst	7/25/2017 1:33
274052	26	247843	Ü?D	Software Analyst	Up	247652	Ü?D	Solution Architect	7/17/2017 4:21
274052	26	247843	Ü?D	Software Analyst	Up	247671	KÖS?GD	Project Manager	7/24/2017 5:16
274052	26	247843	Ü?D	Software Analyst	Up	247672	Ü?D	Software Architect	7/14/2017 4:41
274052	26	247843	Ü?D	Software Analyst	Up	247677	SAvS?D	Software Analyst	7/25/2017 0:56
274052	26	247843	Ü?D	Software Analyst	Up	247683	Ü?D	Software Engineer	7/20/2017 1:20
274052	26	247843	Ü?D	Software Analyst	Up	247698	K?vTD	Manager	7/13/2017 13:43
274052	26	247843	Ü?D	Software Analyst	Up	247705	Ü?D	Manager	7/17/2017 6:40
274052	26	247843	Ü?D	Software Analyst	Up	247715	HYD	Application Support Expert Deputy	7/17/2017 4:17
274052	26	247843	Ü?D	Software Analyst	Up	247719	UBD	Software Engineer	7/20/2017 6:51
274052	26	247843	Ü?D	Software Analyst	Up	247721	Ü?D	Software Engineer	7/13/2017 23:58
274052	26	247843	Ü?D	Software Analyst	Up	247740	Ü?D	Software Architect	7/18/2017 7:19
274052	26	247843	Ü?D	Software Analyst	Up	247744	Ü?D	Software Architect	7/13/2017 6:50
274052	26	247843	Ü?D	Software Analyst	Up	247767	TvPYD	Program Manager	7/24/2017 0:44
274052	26	247843	Ü?D	Software Analyst	Up	247769	Ü?D	Software Analyst	7/18/2017 7:27
274052	26	247843	Ü?D	Software Analyst	Up	247770	ÖUD	Team Manager (Deputy)	7/24/2017 1:53
274052	26	247843	Ü?D	Software Analyst	Up	247786	SAvS?D	Expert Business Analyst	7/14/2017 7:21
274052	26	247843	Ü?D	Software Analyst	Down	247789	SG	Solution Architect	7/19/2017 22:54
274052	26	247843	Ü?D	Software Analyst	Up	247824	MKDD	Software Architect	7/25/2017 0:36
274052	26	247843	Ü?D	Software Analyst	Up	247830	KÖS?GD	Program Manager	7/18/2017 4:15
274052	26	247843	Ü?D	Software Analyst	Up	247835	HYD	Software Architect	7/24/2017 6:20
274052	26	247843	Ü?D	Software Analyst	Up	247843	Ü?D	Software Analyst	7/13/2017 9:22
274052	26	247843	Ü?D	Software Analyst	Up	247847	ÖUD	Senior Solution Architect	7/25/2017 1:16
274052	26	247843	Ü?D	Software Analyst	Up	247848	Ü?D	Software Analyst	7/13/2017 23:53
274052	26	247843	Ü?D	Software Analyst	Up	247865	ÇKBD	Software Architect	7/18/2017 4:05
274052	26	247843	Ü?D	Software Analyst	Up	247895	KÖSD	Software Analyst	7/24/2017 12:10
274052	26	247843	Ü?D	Software Analyst	Up	247898	ÖUD	Business Architect	7/21/2017 3:54
274052	26	247843	Ü?D	Software Analyst	Up	247908	Ü?D	Software Architect	7/21/2017 7:30
274052	26	247843	Ü?D	Software Analyst	Up	247912	KÖS?GD	Director	7/23/2017 22:59
274052	26	247843	Ü?D	Software Analyst	Up	247921	TBSPvKU?GD	Business Architect	7/17/2017 4:00
274052	26	247843	Ü?D	Software Analyst	Up	247927	Ü?D	Software Analyst	7/18/2017 23:45
274052	26	247843	Ü?D	Software Analyst	Up	248073	STAJYER	Intern	7/25/2017 1:47
274052	26	247843	Ü?D	Software Analyst	Up	248138	ÖUD	Expert Business Analyst	7/24/2017 7:45
274052	26	247843	Ü?D	Software Analyst	Up	248570	STAJYER	Intern	7/25/2017 1:40
274068	27	247954	BH	Staff_Hosp	Up	247117	ÜYvTUD	Software Analyst	7/13/2017 22:53
274068	27	247954	BH	Staff_Hosp	Down	247125	SPHvDTUD	Software Architect	7/14/2017 3:07
274068	27	247954	BH	Staff_Hosp	Down	247345	KÜGD	Software Analyst	7/24/2017 22:37
274068	27	247954	BH	Staff_Hosp	Down	247530	TBSPvKU?GD	Business Architect	7/20/2017 22:38
274068	27	247954	BH	Staff_Hosp	Up	247554	K?vTD	Software Analyst	7/20/2017 23:40
274068	27	247954	BH	Staff_Hosp	Down	247616	MKDD	Software Analyst	7/25/2017 0:25
274068	27	247954	BH	Staff_Hosp	Up	247698	K?vTD	Manager	7/13/2017 13:44
274068	27	247954	BH	Staff_Hosp	Down	247789	SG	Solution Architect	7/19/2017 22:51
274068	27	247954	BH	Staff_Hosp	Up	247824	MKDD	Software Architect	7/25/2017 0:40
274068	27	247954	BH	Staff_Hosp	Down	247836	SUD	Software Analyst	7/20/2017 7:39
274068	27	247954	BH	Staff_Hosp	Up	247848	Ü?D	Software Analyst	7/25/2017 0:49
274068	27	247954	BH	Staff_Hosp	Up	247950	BH	Staff_Hosp	7/13/2017 23:55
274068	27	247954	BH	Staff_Hosp	Up	247954	BH	Staff_Hosp	7/13/2017 23:00
274068	27	247954	BH	Staff_Hosp	Up	247956	BH	Staff_Hosp	7/14/2017 2:55
274068	27	247954	BH	Staff_Hosp	Up	247957	BH	Staff_Hosp	7/14/2017 4:45
274087	28	247616	MKDD	Software Analyst	Down	247505	K?vTD	Software Analyst	7/16/2017 23:24
274087	28	247616	MKDD	Software Analyst	Up	247554	K?vTD	Software Analyst	7/25/2017 1:18
274087	28	247616	MKDD	Software Analyst	Up	247616	MKDD	Software Analyst	7/17/2017 0:15
274087	28	247616	MKDD	Software Analyst	Up	247698	K?vTD	Manager	7/13/2017 13:44
274087	28	247616	MKDD	Software Analyst	Up	247757	MKDD	Software Analyst	7/25/2017 0:57
274087	28	247616	MKDD	Software Analyst	Down	247789	SG	Solution Architect	7/13/2017 23:24
274087	28	247616	MKDD	Software Analyst	Up	247824	MKDD	Software Architect	7/25/2017 0:40
274087	28	247616	MKDD	Software Analyst	Down	247851	ÜYvTUD	Director	7/24/2017 7:13
274087	28	247616	MKDD	Software Analyst	Up	247866	MKDD	Software Analyst	7/25/2017 0:46
274087	28	247616	MKDD	Software Analyst	Down	247954	BH	Staff_Hosp	7/20/2017 13:01
274112	29	247562	SPHvDTUD	Manager	Up	247131	SPHvDTUD	Senior Solution Architect	7/17/2017 6:01
274112	29	247562	SPHvDTUD	Manager	Up	247159	SPHvDTUD	Software Analyst	7/14/2017 1:19
274112	29	247562	SPHvDTUD	Manager	Up	247227	SPHvDTUD	Software Analyst	7/13/2017 22:38
274112	29	247562	SPHvDTUD	Manager	Up	247265	SPHvDTUD	Software Analyst	7/14/2017 6:46
274112	29	247562	SPHvDTUD	Manager	Up	247313	ÖUD	Solution Architect	7/23/2017 23:36
274112	29	247562	SPHvDTUD	Manager	Up	247470	KÖS?GD	Project Manager	7/24/2017 23:18
274112	29	247562	SPHvDTUD	Manager	Up	247499	SPHvDTUD	Software Analyst	7/13/2017 22:37
274112	29	247562	SPHvDTUD	Manager	Up	247530	TBSPvKU?GD	Business Architect	7/13/2017 23:05
274112	29	247562	SPHvDTUD	Manager	Up	247562	SPHvDTUD	Manager	7/13/2017 13:33
274112	29	247562	SPHvDTUD	Manager	Up	247698	K?vTD	Manager	7/13/2017 14:07
274112	29	247562	SPHvDTUD	Manager	Up	247738	SPHvDTUD	Software Analyst	7/13/2017 13:34
274112	29	247562	SPHvDTUD	Manager	Down	247789	SG	Solution Architect	7/16/2017 23:27
274112	29	247562	SPHvDTUD	Manager	Up	247824	MKDD	Software Architect	7/25/2017 0:40
274112	29	247562	SPHvDTUD	Manager	Up	247950	BH	Staff_Hosp	7/13/2017 23:55
274112	29	247562	SPHvDTUD	Manager	Down	247954	BH	Staff_Hosp	7/20/2017 13:01
274265	30	247698	K?vTD	Manager	Up	247144	K?vTD	Software Analyst	7/18/2017 4:14
274265	30	247698	K?vTD	Manager	Up	247147	K?vTD	Software Analyst	7/19/2017 7:57
274265	30	247698	K?vTD	Manager	Up	247148	K?vTD	Software Engineer	7/25/2017 0:08
274265	30	247698	K?vTD	Manager	Up	247151	K?vTD	Director	7/25/2017 0:43
274265	30	247698	K?vTD	Manager	Up	247166	K?vTD	Solution Architect	7/23/2017 23:51
274265	30	247698	K?vTD	Manager	Up	247168	TBSPvKU?GD	Business Architect	7/17/2017 4:34
274265	30	247698	K?vTD	Manager	Up	247472	KÜGD	Solution Architect	7/20/2017 4:33
274265	30	247698	K?vTD	Manager	Up	247510	?vM?D	Administrative Affairs Superviser	7/24/2017 0:31
274265	30	247698	K?vTD	Manager	Up	247536	K?vTD	Software Analyst	7/21/2017 10:33
274265	30	247698	K?vTD	Manager	Up	247554	K?vTD	Software Analyst	7/21/2017 1:20
274265	30	247698	K?vTD	Manager	Up	247586	TBSPvKU?GD	Manager	7/23/2017 22:56
274265	30	247698	K?vTD	Manager	Down	247664	TBSPvKU?GD	Expert Business Analyst	7/17/2017 6:10
274265	30	247698	K?vTD	Manager	Up	247682	K?vTD	Software Engineer	7/25/2017 0:21
274265	30	247698	K?vTD	Manager	Up	247698	K?vTD	Manager	7/14/2017 13:11
274265	30	247698	K?vTD	Manager	Down	247789	SG	Solution Architect	7/18/2017 4:02
274265	30	247698	K?vTD	Manager	Up	247824	MKDD	Software Architect	7/25/2017 0:31
274265	30	247698	K?vTD	Manager	Up	247878	K?vTD	Software Analyst	7/17/2017 5:02
274265	30	247698	K?vTD	Manager	Up	247904	ÇKBD	Manager	7/21/2017 3:47
274265	30	247698	K?vTD	Manager	Down	247954	BH	Staff_Hosp	7/20/2017 13:02
274291	31	247227	SPHvDTUD	Software Analyst	Up	247117	ÜYvTUD	Software Analyst	7/17/2017 6:37
274291	31	247227	SPHvDTUD	Software Analyst	Up	247125	SPHvDTUD	Software Architect	7/21/2017 0:42
274291	31	247227	SPHvDTUD	Software Analyst	Up	247142	SPHvDTUD	Software Architect	7/17/2017 0:32
274291	31	247227	SPHvDTUD	Software Analyst	Up	247143	ÇKBD	Software Analyst	7/25/2017 0:38
274291	31	247227	SPHvDTUD	Software Analyst	Up	247155	MvMUD	Software Analyst	7/24/2017 3:22
274291	31	247227	SPHvDTUD	Software Analyst	Up	247159	SPHvDTUD	Software Analyst	7/17/2017 0:17
274291	31	247227	SPHvDTUD	Software Analyst	Up	247168	TBSPvKU?GD	Business Architect	7/17/2017 4:18
274291	31	247227	SPHvDTUD	Software Analyst	Up	247178	ÇKBD	Software Analyst	7/17/2017 0:18
274291	31	247227	SPHvDTUD	Software Analyst	Up	247195	TvPYD	Project Manager	7/24/2017 14:04
274291	31	247227	SPHvDTUD	Software Analyst	Up	247227	SPHvDTUD	Software Analyst	7/16/2017 10:05
274291	31	247227	SPHvDTUD	Software Analyst	Up	247228	TBSPvKU?GD	Project Officer	7/17/2017 3:51
274291	31	247227	SPHvDTUD	Software Analyst	Up	247231	MvMUD	Software Analyst	7/17/2017 4:08
274291	31	247227	SPHvDTUD	Software Analyst	Up	247248	FvKUD	Raporlama Sorumlusu	7/20/2017 6:54
274291	31	247227	SPHvDTUD	Software Analyst	Up	247265	SPHvDTUD	Software Analyst	7/16/2017 23:04
274291	31	247227	SPHvDTUD	Software Analyst	Down	247267	KÖS?GD	Business Analyst	7/20/2017 3:38
274291	31	247227	SPHvDTUD	Software Analyst	Up	247275	MvMUD	Software Architect	7/20/2017 23:08
274291	31	247227	SPHvDTUD	Software Analyst	Up	247289	SUD	Software Analyst	7/24/2017 3:18
274291	31	247227	SPHvDTUD	Software Analyst	Up	247310	SPHvDTUD	Software Analyst	7/24/2017 0:32
274291	31	247227	SPHvDTUD	Software Analyst	Up	247315	ÜYvTUD	Software Analyst	7/20/2017 3:04
274291	31	247227	SPHvDTUD	Software Analyst	Up	247321	MvMUD	Software Analyst	7/19/2017 23:23
274291	31	247227	SPHvDTUD	Software Analyst	Up	247335	ÇKBD	Software Analyst	7/17/2017 0:29
274291	31	247227	SPHvDTUD	Software Analyst	Up	247353	SPHvDTUD	Software Analyst	7/17/2017 3:49
274291	31	247227	SPHvDTUD	Software Analyst	Up	247357	FvKUD	Software Architect	7/19/2017 23:22
274291	31	247227	SPHvDTUD	Software Analyst	Up	247369	FvKUD	Software Analyst	7/20/2017 6:41
274291	31	247227	SPHvDTUD	Software Analyst	Up	247379	SPHvDTUD	Software Architect	7/24/2017 4:58
274291	31	247227	SPHvDTUD	Software Analyst	Up	247391	ÜYvTUD	Software Analyst	7/25/2017 0:23
274291	31	247227	SPHvDTUD	Software Analyst	Up	247400	Mobil ÖUD	Software Analyst	7/19/2017 8:06
274291	31	247227	SPHvDTUD	Software Analyst	Up	247407	MvMUD	Software Analyst	7/24/2017 7:59
274291	31	247227	SPHvDTUD	Software Analyst	Up	247408	UBD	Business Architect	7/17/2017 4:23
274291	31	247227	SPHvDTUD	Software Analyst	Up	247416	FvKUD	Software Architect	7/21/2017 0:17
274291	31	247227	SPHvDTUD	Software Analyst	Up	247418	SUD	Software Engineer	7/16/2017 23:21
274291	31	247227	SPHvDTUD	Software Analyst	Up	247436	K?vTD	Software Analyst	7/19/2017 7:22
274291	31	247227	SPHvDTUD	Software Analyst	Down	247440	KÜGD	Team Manager (Deputy)	7/21/2017 7:39
274291	31	247227	SPHvDTUD	Software Analyst	Up	247450	MvKDY?GD	Expert Business Analyst	7/24/2017 7:17
274291	31	247227	SPHvDTUD	Software Analyst	Up	247488	FvKUD	Software Analyst	7/24/2017 7:11
274291	31	247227	SPHvDTUD	Software Analyst	Up	247499	SPHvDTUD	Software Analyst	7/16/2017 22:35
274291	31	247227	SPHvDTUD	Software Analyst	Up	247518	MKDD	Software Analyst	7/20/2017 2:07
274291	31	247227	SPHvDTUD	Software Analyst	Up	247527	ÇKBD	Software Analyst	7/20/2017 2:56
274291	31	247227	SPHvDTUD	Software Analyst	Up	247528	SPHvDTUD	Software Architect	7/24/2017 2:55
274291	31	247227	SPHvDTUD	Software Analyst	Up	247530	TBSPvKU?GD	Business Architect	7/16/2017 23:05
274291	31	247227	SPHvDTUD	Software Analyst	Up	247546	ÇDD	Program Director	7/24/2017 4:31
274291	31	247227	SPHvDTUD	Software Analyst	Up	247548	KÜGD	Software Analyst	7/24/2017 4:13
274291	31	247227	SPHvDTUD	Software Analyst	Up	247552	SPHvDTUD	Software Architect	7/24/2017 1:35
274291	31	247227	SPHvDTUD	Software Analyst	Down	247554	K?vTD	Software Analyst	7/19/2017 2:08
274291	31	247227	SPHvDTUD	Software Analyst	Up	247562	SPHvDTUD	Manager	7/16/2017 23:01
274291	31	247227	SPHvDTUD	Software Analyst	Up	247580	KÜGD	Software Analyst	7/24/2017 1:26
274291	31	247227	SPHvDTUD	Software Analyst	Up	247583	ÖUD	Software Analyst	7/17/2017 4:56
274291	31	247227	SPHvDTUD	Software Analyst	Up	247608	KÖS?GD	Project Officer	7/17/2017 4:32
274291	31	247227	SPHvDTUD	Software Analyst	Up	247614	FvKUD	Software Analyst	7/25/2017 0:11
274291	31	247227	SPHvDTUD	Software Analyst	Up	247616	MKDD	Software Analyst	7/25/2017 0:28
274291	31	247227	SPHvDTUD	Software Analyst	Up	247620	SPHvDTUD	Software Analyst	7/17/2017 0:19
274291	31	247227	SPHvDTUD	Software Analyst	Up	247630	SAvS?D	Software Analyst	7/24/2017 4:32
274291	31	247227	SPHvDTUD	Software Analyst	Up	247642	MvMUD	Senior Solution Architect	7/24/2017 1:26
274291	31	247227	SPHvDTUD	Software Analyst	Up	247650	UBD	Software Analyst	7/25/2017 1:33
274291	31	247227	SPHvDTUD	Software Analyst	Up	247668	TBSPvKU?GD	Expert Business Analyst	7/21/2017 0:11
274291	31	247227	SPHvDTUD	Software Analyst	Up	247693	KÜGD	Software Analyst	7/19/2017 23:37
274291	31	247227	SPHvDTUD	Software Analyst	Up	247698	K?vTD	Manager	7/19/2017 0:06
274291	31	247227	SPHvDTUD	Software Analyst	Up	247711	KÖSD	Manager	7/24/2017 7:33
274291	31	247227	SPHvDTUD	Software Analyst	Up	247712	MvMUD	Software Analyst	7/20/2017 3:24
274291	31	247227	SPHvDTUD	Software Analyst	Up	247714	KÜGD	Software Analyst	7/17/2017 0:17
274291	31	247227	SPHvDTUD	Software Analyst	Up	247716	SPHvDTUD	Software Analyst	7/19/2017 0:00
274291	31	247227	SPHvDTUD	Software Analyst	Up	247738	SPHvDTUD	Software Analyst	7/16/2017 22:44
274291	31	247227	SPHvDTUD	Software Analyst	Up	247739	MYD	Solution Architect	7/23/2017 22:34
274291	31	247227	SPHvDTUD	Software Analyst	Up	247756	TBSPvKU?GD	Expert Business Analyst	7/16/2017 23:41
274291	31	247227	SPHvDTUD	Software Analyst	Up	247761	FvKUD	Software Architect	7/17/2017 5:37
274291	31	247227	SPHvDTUD	Software Analyst	Up	247762	SPHvDTUD	Software Analyst	7/17/2017 5:13
274291	31	247227	SPHvDTUD	Software Analyst	Up	247765	SAvS?D	Software Analyst	7/24/2017 23:51
274291	31	247227	SPHvDTUD	Software Analyst	Up	247781	SPHvDTUD	Software Analyst	7/18/2017 23:11
274291	31	247227	SPHvDTUD	Software Analyst	Up	247785	TBSPvKU?GD	Program Manager	7/19/2017 5:16
274291	31	247227	SPHvDTUD	Software Analyst	Down	247789	SG	Solution Architect	7/19/2017 22:52
274291	31	247227	SPHvDTUD	Software Analyst	Up	247807	TBSPvKU?GD	Expert Business Analyst	7/19/2017 22:18
274291	31	247227	SPHvDTUD	Software Analyst	Up	247824	MKDD	Software Architect	7/24/2017 23:34
274291	31	247227	SPHvDTUD	Software Analyst	Up	247842	TBSPvKU?GD	Business Architect	7/20/2017 7:29
274291	31	247227	SPHvDTUD	Software Analyst	Up	247848	Ü?D	Software Analyst	7/25/2017 0:24
274291	31	247227	SPHvDTUD	Software Analyst	Up	247863	SPHvDTUD	Software Analyst	7/20/2017 5:03
274291	31	247227	SPHvDTUD	Software Analyst	Up	247865	ÇKBD	Software Architect	7/21/2017 3:46
274291	31	247227	SPHvDTUD	Software Analyst	Up	247866	MKDD	Software Analyst	7/25/2017 0:55
274291	31	247227	SPHvDTUD	Software Analyst	Up	247925	FvKUD	Software Analyst	7/20/2017 3:02
274291	31	247227	SPHvDTUD	Software Analyst	Up	248072	STAJYER	Intern	7/17/2017 0:49
274432	32	247125	SPHvDTUD	Software Architect	Up	247125	SPHvDTUD	Software Architect	7/18/2017 4:04
274432	32	247125	SPHvDTUD	Software Architect	Up	247227	SPHvDTUD	Software Analyst	7/21/2017 3:06
274432	32	247125	SPHvDTUD	Software Architect	Up	247259	KÖSD	Senior Solution Architect	7/24/2017 2:21
274432	32	247125	SPHvDTUD	Software Architect	Up	247269	MvMUD	Software Architect	7/19/2017 22:32
274432	32	247125	SPHvDTUD	Software Architect	Up	247310	SPHvDTUD	Software Analyst	7/24/2017 0:49
274432	32	247125	SPHvDTUD	Software Architect	Up	247331	SAvS?D	Software Analyst	7/21/2017 5:08
274432	32	247125	SPHvDTUD	Software Architect	Up	247357	FvKUD	Software Architect	7/20/2017 7:04
274432	32	247125	SPHvDTUD	Software Architect	Up	247379	SPHvDTUD	Software Architect	7/24/2017 4:53
274432	32	247125	SPHvDTUD	Software Architect	Up	247394	MvMUD	Software Architect	7/20/2017 23:15
274432	32	247125	SPHvDTUD	Software Architect	Up	247407	MvMUD	Software Analyst	7/24/2017 8:19
274432	32	247125	SPHvDTUD	Software Architect	Up	247409	MvMUD	Team Manager (Deputy)	7/20/2017 7:27
274432	32	247125	SPHvDTUD	Software Architect	Up	247414	UBD	Software Analyst	7/21/2017 0:17
274432	32	247125	SPHvDTUD	Software Architect	Up	247419	MvMUD	Software Analyst	7/20/2017 22:42
274432	32	247125	SPHvDTUD	Software Architect	Up	247504	TBSPvKU?GD	Business Architect	7/20/2017 5:55
274432	32	247125	SPHvDTUD	Software Architect	Up	247506	UBD	Team Manager	7/18/2017 4:59
274432	32	247125	SPHvDTUD	Software Architect	Up	247548	KÜGD	Software Analyst	7/24/2017 4:05
274432	32	247125	SPHvDTUD	Software Architect	Up	247554	K?vTD	Software Analyst	7/19/2017 7:47
274432	32	247125	SPHvDTUD	Software Architect	Up	247582	HYD	Application Support Expert Deputy	7/21/2017 6:06
274432	32	247125	SPHvDTUD	Software Architect	Up	247609	SPHvDTUD	Solution Architect	7/24/2017 7:21
274432	32	247125	SPHvDTUD	Software Architect	Up	247657	K?vTD	Team Manager	7/19/2017 23:40
274432	32	247125	SPHvDTUD	Software Architect	Up	247668	TBSPvKU?GD	Expert Business Analyst	7/24/2017 0:04
274432	32	247125	SPHvDTUD	Software Architect	Up	247687	KÜGD	Team Manager	7/24/2017 6:33
274432	32	247125	SPHvDTUD	Software Architect	Up	247698	K?vTD	Manager	7/19/2017 0:04
274432	32	247125	SPHvDTUD	Software Architect	Up	247781	SPHvDTUD	Software Analyst	7/20/2017 6:52
274432	32	247125	SPHvDTUD	Software Architect	Up	247789	SG	Solution Architect	7/18/2017 4:14
274432	32	247125	SPHvDTUD	Software Architect	Up	247807	TBSPvKU?GD	Expert Business Analyst	7/20/2017 6:53
274432	32	247125	SPHvDTUD	Software Architect	Up	247818	TBSPvKU?GD	Expert Business Analyst	7/20/2017 6:47
274432	32	247125	SPHvDTUD	Software Architect	Up	247824	MKDD	Software Architect	7/24/2017 23:37
274432	32	247125	SPHvDTUD	Software Architect	Up	247838	GD	Software Analyst	7/25/2017 1:49
274432	32	247125	SPHvDTUD	Software Architect	Up	247851	ÜYvTUD	Director	7/24/2017 7:14
274432	32	247125	SPHvDTUD	Software Architect	Up	247928	MKDD	Software Analyst	7/20/2017 0:10
274432	32	247125	SPHvDTUD	Software Architect	Down	247954	BH	Staff_Hosp	7/20/2017 13:01
274598	33	247763	KÜGD	Solution Architect	Up	247132	KÜGD	Software Analyst	7/21/2017 1:05
274598	33	247763	KÜGD	Solution Architect	Up	247168	TBSPvKU?GD	Business Architect	7/21/2017 1:47
274598	33	247763	KÜGD	Solution Architect	Up	247194	KÜGD	Software Engineer	7/20/2017 6:38
274598	33	247763	KÜGD	Solution Architect	Up	247242	KÜGD	Software Engineer	7/21/2017 9:11
274598	33	247763	KÜGD	Solution Architect	Up	247244	KÜGD	Software Architect	7/20/2017 1:38
274598	33	247763	KÜGD	Solution Architect	Up	247266	ÖUD	Solution Architect	7/21/2017 1:30
274598	33	247763	KÜGD	Solution Architect	Up	247313	ÖUD	Solution Architect	7/23/2017 23:33
274598	33	247763	KÜGD	Solution Architect	Up	247326	ÖUD	Manager	7/21/2017 2:38
274598	33	247763	KÜGD	Solution Architect	Up	247440	KÜGD	Team Manager (Deputy)	7/21/2017 7:38
274598	33	247763	KÜGD	Solution Architect	Up	247451	KÜGD	Software Engineer	7/25/2017 0:12
274598	33	247763	KÜGD	Solution Architect	Up	247481	KÜGD	Team Manager	7/20/2017 6:19
274598	33	247763	KÜGD	Solution Architect	Up	247517	TBSPvKU?GD	Business Analyst	7/20/2017 4:23
274598	33	247763	KÜGD	Solution Architect	Up	247526	KÜGD	Software Analyst	7/21/2017 7:53
274598	33	247763	KÜGD	Solution Architect	Up	247554	K?vTD	Software Analyst	7/25/2017 1:02
274598	33	247763	KÜGD	Solution Architect	Up	247698	K?vTD	Manager	7/21/2017 10:21
274598	33	247763	KÜGD	Solution Architect	Up	247824	MKDD	Software Architect	7/25/2017 0:34
274598	33	247763	KÜGD	Solution Architect	Up	247851	ÜYvTUD	Director	7/24/2017 23:28
274598	33	247763	KÜGD	Solution Architect	Up	247867	ÖUD	Manager	7/21/2017 1:05
274598	33	247763	KÜGD	Solution Architect	Up	247924	TBSPvKU?GD	Business Architect	7/20/2017 5:12
274599	34	247824	MKDD	Software Architect	Up	247211	MKDD	Software Engineer	7/24/2017 23:24
274599	34	247824	MKDD	Software Architect	Up	247331	SAvS?D	Software Analyst	7/20/2017 4:47
274599	34	247824	MKDD	Software Architect	Up	247336	SAvS?D	Konfigürasyon Sorumlusu	7/20/2017 5:22
274599	34	247824	MKDD	Software Architect	Down	247345	KÜGD	Software Analyst	7/24/2017 22:33
274599	34	247824	MKDD	Software Architect	Up	247439	SUD	Software Architect	7/25/2017 0:31
274599	34	247824	MKDD	Software Architect	Up	247457	SAvS?D	Konfigürasyon Mühendisi	7/25/2017 1:34
274599	34	247824	MKDD	Software Architect	Up	247468	MKDD	Solution Architect	7/20/2017 4:56
274599	34	247824	MKDD	Software Architect	Up	247478	SUD	Software Architect	7/21/2017 0:02
274599	34	247824	MKDD	Software Architect	Up	247495	KÜGD	Software Analyst	7/20/2017 7:53
274599	34	247824	MKDD	Software Architect	Up	247554	K?vTD	Software Analyst	7/25/2017 1:19
274599	34	247824	MKDD	Software Architect	Up	247580	KÜGD	Software Analyst	7/21/2017 1:17
274599	34	247824	MKDD	Software Architect	Up	247592	SAvS?D	Software Architect	7/20/2017 5:53
274599	34	247824	MKDD	Software Architect	Down	247616	MKDD	Software Analyst	7/25/2017 0:24
274599	34	247824	MKDD	Software Architect	Up	247677	SAvS?D	Software Analyst	7/20/2017 5:08
274599	34	247824	MKDD	Software Architect	Up	247775	MKDD	Software Analyst	7/20/2017 4:47
274599	34	247824	MKDD	Software Architect	Up	247780	SUD	Software Architect	7/20/2017 7:06
274599	34	247824	MKDD	Software Architect	Up	247787	MKDD	Team Manager	7/20/2017 5:31
274599	34	247824	MKDD	Software Architect	Up	247824	MKDD	Software Architect	7/20/2017 22:50
274599	34	247824	MKDD	Software Architect	Up	247843	Ü?D	Software Analyst	7/25/2017 0:37
274599	34	247824	MKDD	Software Architect	Up	247846	MKDD	Software Analyst	7/20/2017 4:42
274599	34	247824	MKDD	Software Architect	Up	247848	Ü?D	Software Analyst	7/20/2017 5:29
274599	34	247824	MKDD	Software Architect	Up	247878	K?vTD	Software Analyst	7/21/2017 4:43
274599	34	247824	MKDD	Software Architect	Up	247908	Ü?D	Software Architect	7/21/2017 1:53
274599	34	247824	MKDD	Software Architect	Down	247954	BH	Staff_Hosp	7/20/2017 13:01
274633	35	247928	MKDD	Software Analyst	Down	247331	SAvS?D	Software Analyst	7/20/2017 7:33
274633	35	247928	MKDD	Software Analyst	Up	247371	MKDD	Solution Architect	7/20/2017 7:21
274633	35	247928	MKDD	Software Analyst	Up	247554	K?vTD	Software Analyst	7/21/2017 3:57
274633	35	247928	MKDD	Software Analyst	Up	247747	D?UD	Software Architect	7/21/2017 4:18
274633	35	247928	MKDD	Software Analyst	Down	247824	MKDD	Software Architect	7/24/2017 23:45
274633	35	247928	MKDD	Software Analyst	Up	247851	ÜYvTUD	Director	7/24/2017 7:14
274633	35	247928	MKDD	Software Analyst	Up	247903	MKDD	Software Engineer	7/20/2017 7:26
274633	35	247928	MKDD	Software Analyst	Up	247911	MKDD	Software Engineer	7/20/2017 7:17
274633	35	247928	MKDD	Software Analyst	Up	247928	MKDD	Software Analyst	7/20/2017 7:15
274633	35	247928	MKDD	Software Analyst	Up	247961	BH	Staff_Hosp	7/22/2017 0:01
274756	36	247554	K?vTD	Software Analyst	Up	247144	K?vTD	Software Analyst	7/21/2017 7:54
274756	36	247554	K?vTD	Software Analyst	Up	247151	K?vTD	Director	7/25/2017 0:39
274756	36	247554	K?vTD	Software Analyst	Up	247208	K?vTD	Solution Architect	7/23/2017 23:36
274756	36	247554	K?vTD	Software Analyst	Up	247391	ÜYvTUD	Software Analyst	7/25/2017 1:15
274756	36	247554	K?vTD	Software Analyst	Up	247400	Mobil ÖUD	Software Analyst	7/21/2017 7:54
274756	36	247554	K?vTD	Software Analyst	Up	247457	SAvS?D	Konfigürasyon Mühendisi	7/21/2017 8:38
274756	36	247554	K?vTD	Software Analyst	Up	247554	K?vTD	Software Analyst	7/20/2017 23:40
274756	36	247554	K?vTD	Software Analyst	Up	247682	K?vTD	Software Engineer	7/25/2017 0:21
274756	36	247554	K?vTD	Software Analyst	Up	247698	K?vTD	Manager	7/21/2017 10:15
274756	36	247554	K?vTD	Software Analyst	Up	247739	MYD	Solution Architect	7/23/2017 22:36
274756	36	247554	K?vTD	Software Analyst	Up	247824	MKDD	Software Architect	7/21/2017 7:16
274756	36	247554	K?vTD	Software Analyst	Up	247832	ÖUD	Software Analyst	7/21/2017 7:54
274764	37	247331	SAvS?D	Software Analyst	Up	247325	SAvS?D	Expert Business Analyst	7/24/2017 7:14
274764	37	247331	SAvS?D	Software Analyst	Up	247331	SAvS?D	Software Analyst	7/21/2017 4:03
274764	37	247331	SAvS?D	Software Analyst	Up	247370	SAvS?D	Software Analyst	7/25/2017 0:27
274764	37	247331	SAvS?D	Software Analyst	Up	247454	SAvS?D	Software Engineer	7/21/2017 4:10
274764	37	247331	SAvS?D	Software Analyst	Up	247495	KÜGD	Software Analyst	7/21/2017 4:20
274764	37	247331	SAvS?D	Software Analyst	Up	247554	K?vTD	Software Analyst	7/21/2017 4:06
274764	37	247331	SAvS?D	Software Analyst	Up	247580	KÜGD	Software Analyst	7/21/2017 4:27
274764	37	247331	SAvS?D	Software Analyst	Up	247583	ÖUD	Software Analyst	7/24/2017 7:17
274764	37	247331	SAvS?D	Software Analyst	Up	247688	SAvS?D	Manager	7/24/2017 6:55
274764	37	247331	SAvS?D	Software Analyst	Up	247765	SAvS?D	Software Analyst	7/24/2017 23:45
274764	37	247331	SAvS?D	Software Analyst	Up	247786	SAvS?D	Expert Business Analyst	7/24/2017 6:24
274764	37	247331	SAvS?D	Software Analyst	Up	247824	MKDD	Software Architect	7/21/2017 4:13
274764	37	247331	SAvS?D	Software Analyst	Up	247848	Ü?D	Software Analyst	7/25/2017 0:49
274764	37	247331	SAvS?D	Software Analyst	Down	247866	MKDD	Software Analyst	7/25/2017 0:31
274764	37	247331	SAvS?D	Software Analyst	Up	247878	K?vTD	Software Analyst	7/21/2017 4:42
274764	37	247331	SAvS?D	Software Analyst	Up	247904	ÇKBD	Manager	7/25/2017 1:59
274769	38	247217	ÖUD	Business Architect	Up	247215	ÖUD	Software Analyst	7/25/2017 0:08
274769	38	247217	ÖUD	Business Architect	Up	247217	ÖUD	Business Architect	7/21/2017 5:42
274769	38	247217	ÖUD	Business Architect	Up	247326	ÖUD	Manager	7/21/2017 4:44
274769	38	247217	ÖUD	Business Architect	Up	247415	GD	Business Architect	7/24/2017 7:07
274769	38	247217	ÖUD	Business Architect	Up	247477	K?vTD	Software Analyst	7/25/2017 0:18
274769	38	247217	ÖUD	Business Architect	Up	247498	BTD	Sistem Destek Mühendisi	7/25/2017 0:35
274769	38	247217	ÖUD	Business Architect	Up	247554	K?vTD	Software Analyst	7/21/2017 5:15
274769	38	247217	ÖUD	Business Architect	Up	247589	KÖSD	Software Engineer	7/21/2017 6:54
274769	38	247217	ÖUD	Business Architect	Up	247605	ÖUD	Business Analyst	7/21/2017 5:34
274769	38	247217	ÖUD	Business Architect	Up	247637	GD	Software Architect	7/21/2017 6:39
274769	38	247217	ÖUD	Business Architect	Up	247690	GD	Manager	7/21/2017 10:06
274769	38	247217	ÖUD	Business Architect	Up	247711	KÖSD	Manager	7/24/2017 7:13
274769	38	247217	ÖUD	Business Architect	Up	247767	TvPYD	Program Manager	7/21/2017 6:52
274769	38	247217	ÖUD	Business Architect	Up	247784	ÖUD	Software Architect (Vekil Manager)	7/21/2017 5:31
274769	38	247217	ÖUD	Business Architect	Down	247824	MKDD	Software Architect	7/24/2017 23:51
274769	38	247217	ÖUD	Business Architect	Up	247843	Ü?D	Software Analyst	7/21/2017 4:45
274769	38	247217	ÖUD	Business Architect	Up	247858	ÖUD	Software Analyst	7/21/2017 5:38
274769	38	247217	ÖUD	Business Architect	Down	247866	MKDD	Software Analyst	7/25/2017 0:35
274769	38	247217	ÖUD	Business Architect	Up	247867	ÖUD	Manager	7/23/2017 23:43
274769	38	247217	ÖUD	Business Architect	Up	247898	ÖUD	Business Architect	7/21/2017 4:44
274769	38	247217	ÖUD	Business Architect	Up	247921	TBSPvKU?GD	Business Architect	7/25/2017 0:25
274769	38	247217	ÖUD	Business Architect	Up	248138	ÖUD	Expert Business Analyst	7/25/2017 0:58
274771	39	247824	MKDD	Software Architect	Up	247125	SPHvDTUD	Software Architect	7/23/2017 23:45
274771	39	247824	MKDD	Software Architect	Up	247331	SAvS?D	Software Analyst	7/21/2017 5:01
274771	39	247824	MKDD	Software Architect	Up	247477	K?vTD	Software Analyst	7/25/2017 0:16
274771	39	247824	MKDD	Software Architect	Up	247554	K?vTD	Software Analyst	7/25/2017 1:00
274771	39	247824	MKDD	Software Architect	Up	247824	MKDD	Software Architect	7/21/2017 4:48
274786	40	247904	ÇKBD	Manager	Up	247143	ÇKBD	Software Analyst	7/25/2017 0:39
274786	40	247904	ÇKBD	Manager	Up	247554	K?vTD	Software Analyst	7/24/2017 7:48
274786	40	247904	ÇKBD	Manager	Up	247698	K?vTD	Manager	7/21/2017 10:16
274786	40	247904	ÇKBD	Manager	Up	247711	KÖSD	Manager	7/24/2017 7:18
274786	40	247904	ÇKBD	Manager	Up	247713	MvKDY?GD	Solution Architect(?A)	7/24/2017 7:09
274786	40	247904	ÇKBD	Manager	Up	247824	MKDD	Software Architect	7/25/2017 0:19
274786	40	247904	ÇKBD	Manager	Up	247904	ÇKBD	Manager	7/21/2017 5:51
274786	40	247904	ÇKBD	Manager	Up	247961	BH	Staff_Hosp	7/22/2017 0:00
274786	40	247904	ÇKBD	Manager	Up	248072	STAJYER	Intern	7/24/2017 6:57
274796	41	247824	MKDD	Software Architect	Up	247125	SPHvDTUD	Software Architect	7/25/2017 0:35
274796	41	247824	MKDD	Software Architect	Up	247166	K?vTD	Solution Architect	7/23/2017 23:56
274796	41	247824	MKDD	Software Architect	Up	247331	SAvS?D	Software Analyst	7/21/2017 6:58
274796	41	247824	MKDD	Software Architect	Down	247400	Mobil ÖUD	Software Analyst	7/23/2017 23:05
274796	41	247824	MKDD	Software Architect	Up	247428	UBD	Software Engineer	7/21/2017 7:47
274796	41	247824	MKDD	Software Architect	Up	247439	SUD	Software Architect	7/25/2017 0:32
274796	41	247824	MKDD	Software Architect	Up	247569	DH	Consultant	7/25/2017 0:08
274796	41	247824	MKDD	Software Architect	Up	247586	TBSPvKU?GD	Manager	7/23/2017 22:55
274796	41	247824	MKDD	Software Architect	Up	247616	MKDD	Software Analyst	7/25/2017 1:19
274796	41	247824	MKDD	Software Architect	Up	247698	K?vTD	Manager	7/22/2017 22:20
274796	41	247824	MKDD	Software Architect	Up	247728	MvKDY?GD	Project Manager	7/24/2017 23:54
274796	41	247824	MKDD	Software Architect	Up	247824	MKDD	Software Architect	7/21/2017 6:55
274796	41	247824	MKDD	Software Architect	Up	247904	ÇKBD	Manager	7/24/2017 7:26
274954	42	247149	TBSPvKU?GD	Expert Business Analyst	Up	247149	TBSPvKU?GD	Expert Business Analyst	7/24/2017 7:15
274954	42	247149	TBSPvKU?GD	Expert Business Analyst	Up	247477	K?vTD	Software Analyst	7/25/2017 0:16
274954	42	247149	TBSPvKU?GD	Expert Business Analyst	Up	247554	K?vTD	Software Analyst	7/25/2017 1:19
274954	42	247149	TBSPvKU?GD	Expert Business Analyst	Down	247789	SG	Solution Architect	7/25/2017 0:38
274954	42	247149	TBSPvKU?GD	Expert Business Analyst	Up	247824	MKDD	Software Architect	7/24/2017 23:44
274983	43	247360	MYD	Director	Up	247195	TvPYD	Project Manager	7/24/2017 14:07
274983	43	247360	MYD	Director	Up	247360	MYD	Director	7/24/2017 7:35
274983	43	247360	MYD	Director	Up	247824	MKDD	Software Architect	7/24/2017 23:45
275112	44	247569	DH	Consultant	Up	247554	K?vTD	Software Analyst	7/25/2017 1:02
275112	44	247569	DH	Consultant	Up	247569	DH	Consultant	7/24/2017 23:35
275112	44	247569	DH	Consultant	Up	247824	MKDD	Software Architect	7/24/2017 23:44
275112	44	247569	DH	Consultant	Up	247833	DH	Consultant	7/25/2017 0:02
275115	45	247728	MvKDY?GD	Project Manager	Up	247117	ÜYvTUD	Software Analyst	7/25/2017 1:24
275115	45	247728	MvKDY?GD	Project Manager	Up	247331	SAvS?D	Software Analyst	7/25/2017 0:45
275115	45	247728	MvKDY?GD	Project Manager	Up	247360	MYD	Director	7/25/2017 0:33
275115	45	247728	MvKDY?GD	Project Manager	Up	247363	TBSPvKU?GD	Project Manager	7/25/2017 1:50
275115	45	247728	MvKDY?GD	Project Manager	Up	247385	ÜYvTUD	Software Architect	7/25/2017 1:44
275115	45	247728	MvKDY?GD	Project Manager	Up	247439	SUD	Software Architect	7/25/2017 0:32
275115	45	247728	MvKDY?GD	Project Manager	Up	247539	SUD	Solution Architect	7/25/2017 0:26
275115	45	247728	MvKDY?GD	Project Manager	Up	247554	K?vTD	Software Analyst	7/25/2017 1:02
275115	45	247728	MvKDY?GD	Project Manager	Up	247571	MvKDY?GD	Expert Business Analyst	7/25/2017 1:24
275115	45	247728	MvKDY?GD	Project Manager	Up	247713	MvKDY?GD	Solution Architect(?A)	7/25/2017 1:16
275115	45	247728	MvKDY?GD	Project Manager	Up	247728	MvKDY?GD	Project Manager	7/24/2017 23:39
275115	45	247728	MvKDY?GD	Project Manager	Up	247782	ÜYvTUD	Team Manager (Deputy)	7/25/2017 0:40
275115	45	247728	MvKDY?GD	Project Manager	Up	247786	SAvS?D	Expert Business Analyst	7/25/2017 1:15
275115	45	247728	MvKDY?GD	Project Manager	Up	247824	MKDD	Software Architect	7/24/2017 23:44
275115	45	247728	MvKDY?GD	Project Manager	Up	247885	SUD	Software Analyst	7/25/2017 0:35
275115	45	247728	MvKDY?GD	Project Manager	Up	247926	MvKDY?GD	Project Officer	7/25/2017 0:59
275116	46	247933	BH	Staff_Hosp	Up	247554	K?vTD	Software Analyst	7/25/2017 1:19
275116	46	247933	BH	Staff_Hosp	Up	247824	MKDD	Software Architect	7/25/2017 0:19
275116	46	247933	BH	Staff_Hosp	Up	247933	BH	Staff_Hosp	7/25/2017 0:13
275116	46	247933	BH	Staff_Hosp	Up	247954	BH	Staff_Hosp	7/25/2017 0:29
275132	47	247853	SUD	Solution Architect	Up	247554	K?vTD	Software Analyst	7/25/2017 1:18
275132	47	247853	SUD	Solution Architect	Up	247824	MKDD	Software Architect	7/25/2017 1:32
275132	47	247853	SUD	Solution Architect	Up	247853	SUD	Solution Architect	7/25/2017 1:00
275137	48	247256	MvKDY?GD	Project Manager	Up	247256	MvKDY?GD	Project Manager	7/25/2017 1:51
275137	48	247256	MvKDY?GD	Project Manager	Up	247629	KÜGD	Software Architect	7/25/2017 2:00
275137	48	247256	MvKDY?GD	Project Manager	Up	247824	MKDD	Software Architect	7/25/2017 1:32
275142	49	247399	GD	Software Analyst	Up	247399	GD	Software Analyst	7/25/2017 1:50
275142	49	247399	GD	Software Analyst	Up	247684	GD	Solution Architect	7/25/2017 1:53
275142	49	247399	GD	Software Analyst	Up	247794	GD	Software Analyst	7/25/2017 1:53
275142	49	247399	GD	Software Analyst	Up	247904	ÇKBD	Manager	7/25/2017 1:57
275143	50	247684	GD	Solution Architect	Up	247399	GD	Software Analyst	7/25/2017 1:52
275143	50	247684	GD	Solution Architect	Up	247684	GD	Solution Architect	7/25/2017 1:52
275143	50	247684	GD	Solution Architect	Up	247794	GD	Software Analyst	7/25/2017 1:54
275143	50	247684	GD	Solution Architect	Up	247904	ÇKBD	Manager	7/25/2017 1:55
